ce:8e:5c:20:92:41,15:33:22
ce:8e:5c:20:92:41,15:33:23
ce:8e:5c:20:92:41,15:33:24
ce:8e:5c:20:92:41,15:33:25
ce:8e:5c:20:92:41,15:33:26
ce:8e:5c:20:92:41,15:33:27
ce:8e:5c:20:92:41,15:33:28
ce:8e:5c:20:92:41,15:33:29
ce:8e:5c:20:92:41,15:33:30
ce:8e:5c:20:92:41,15:33:31
ce:8e:5c:20:92:41,15:33:32
ce:8e:5c:20:92:41,15:33:33
ce:8e:5c:20:92:41,15:33:34
ce:8e:5c:20:92:41,15:33:34
ce:8e:5c:20:92:41,15:33:35
ce:8e:5c:20:92:41,15:33:35
ce:8e:5c:20:92:41,15:33:36
ce:8e:5c:20:92:41,15:33:36
ce:8e:5c:20:92:41,15:33:37
ce:8e:5c:20:92:41,15:33:37
ce:8e:5c:20:92:41,15:33:38
ce:8e:5c:20:92:41,15:33:38
ce:8e:5c:20:92:41,15:33:39
ce:8e:5c:20:92:41,15:33:39
ce:8e:5c:20:92:41,15:33:41
ce:8e:5c:20:92:41,15:33:41
ce:8e:5c:20:92:41,15:33:42
ce:8e:5c:20:92:41,15:33:42
ce:8e:5c:20:92:41,15:33:43
ce:8e:5c:20:92:41,15:33:43
d6:08:ed:28:5e:70,15:33:43
ce:8e:5c:20:92:41,15:33:44
ce:8e:5c:20:92:41,15:33:44
d6:08:ed:28:5e:70,15:33:44
ce:8e:5c:20:92:41,15:33:45
ce:8e:5c:20:92:41,15:33:45
d6:08:ed:28:5e:70,15:33:45
ce:8e:5c:20:92:41,15:33:46
ce:8e:5c:20:92:41,15:33:46
ce:8e:5c:20:92:41,15:33:47
ce:8e:5c:20:92:41,15:33:47
d6:08:ed:28:5e:70,15:33:47
ce:8e:5c:20:92:41,15:33:48
ce:8e:5c:20:92:41,15:33:48
d6:08:ed:28:5e:70,15:33:48
ce:8e:5c:20:92:41,15:33:49
ce:8e:5c:20:92:41,15:33:49
d6:08:ed:28:5e:70,15:33:49
ce:8e:5c:20:92:41,15:33:50
ce:8e:5c:20:92:41,15:33:50
ce:8e:5c:20:92:41,15:33:51
ce:8e:5c:20:92:41,15:33:51
ce:8e:5c:20:92:41,15:33:52
ce:8e:5c:20:92:41,15:33:52
ce:8e:5c:20:92:41,15:33:53
ce:8e:5c:20:92:41,15:33:53
ce:8e:5c:20:92:41,15:33:54
ce:8e:5c:20:92:41,15:33:54
ce:8e:5c:20:92:41,15:33:55
ce:8e:5c:20:92:41,15:33:55
ce:8e:5c:20:92:41,15:33:56
ce:8e:5c:20:92:41,15:33:56
ce:8e:5c:20:92:41,15:33:57
ce:8e:5c:20:92:41,15:33:57
ce:8e:5c:20:92:41,15:33:58
ce:8e:5c:20:92:41,15:33:58
ce:8e:5c:20:92:41,15:33:59
ce:8e:5c:20:92:41,15:33:59
ce:8e:5c:20:92:41,15:34:00
ce:8e:5c:20:92:41,15:34:00
ce:8e:5c:20:92:41,15:34:01
ce:8e:5c:20:92:41,15:34:01
ce:8e:5c:20:92:41,15:34:02
ce:8e:5c:20:92:41,15:34:03
ce:8e:5c:20:92:41,15:34:03
ce:8e:5c:20:92:41,15:34:04
ce:8e:5c:20:92:41,15:34:04
ce:8e:5c:20:92:41,15:34:05
ce:8e:5c:20:92:41,15:34:06
ce:8e:5c:20:92:41,15:34:06
ce:8e:5c:20:92:41,15:34:07
ce:8e:5c:20:92:41,15:34:07
ce:8e:5c:20:92:41,15:34:08
ce:8e:5c:20:92:41,15:34:08
ce:8e:5c:20:92:41,15:34:09
ce:8e:5c:20:92:41,15:34:09
ce:8e:5c:20:92:41,15:34:10
ce:8e:5c:20:92:41,15:34:10
ce:8e:5c:20:92:41,15:34:11
ce:8e:5c:20:92:41,15:34:11
ce:8e:5c:20:92:41,15:34:12
ce:8e:5c:20:92:41,15:34:12
ce:8e:5c:20:92:41,15:34:13
ce:8e:5c:20:92:41,15:34:13
ce:8e:5c:20:92:41,15:34:14
ce:8e:5c:20:92:41,15:34:14
ce:8e:5c:20:92:41,15:34:15
ce:8e:5c:20:92:41,15:34:16
ce:8e:5c:20:92:41,15:34:16
ce:8e:5c:20:92:41,15:34:17
ce:8e:5c:20:92:41,15:34:17
ce:8e:5c:20:92:41,15:34:18
ce:8e:5c:20:92:41,15:34:19
ce:8e:5c:20:92:41,15:34:19
ce:8e:5c:20:92:41,15:34:20
ce:8e:5c:20:92:41,15:34:20
ce:8e:5c:20:92:41,15:34:21
ce:8e:5c:20:92:41,15:34:21
ce:8e:5c:20:92:41,15:34:22
ce:8e:5c:20:92:41,15:34:22
ce:8e:5c:20:92:41,15:34:23
ce:8e:5c:20:92:41,15:34:23
ce:8e:5c:20:92:41,15:34:24
ce:8e:5c:20:92:41,15:34:24
ce:8e:5c:20:92:41,15:34:25
ce:8e:5c:20:92:41,15:34:25
ce:8e:5c:20:92:41,15:34:26
ce:8e:5c:20:92:41,15:34:26
ce:8e:5c:20:92:41,15:34:27
ce:8e:5c:20:92:41,15:34:27
ce:8e:5c:20:92:41,15:34:28
ce:8e:5c:20:92:41,15:34:29
ce:8e:5c:20:92:41,15:34:30
