2024-04-21 15:20:49.999474, 0.0, 0.0, 0.0, -9341, 20
2024-04-21 15:20:52.750211, 0.0, 0.0, 0.0, -9341, 20
2024-04-21 15:20:55.500954, 0.0, 0.0, 0.0, -9341, 20
2024-04-21 15:20:58.251754, 0.0, 0.0, 0.0, -9341, 20
2024-04-21 15:21:01.002516, 0.0, 0.0, 0.0, -9341, 20
2024-04-21 15:21:03.753283, 134.0, 0.0, 134.0, -9475, 20
2024-04-21 15:21:06.503851, 156.0, 14.0, 170.0, -9617, 20
2024-04-21 15:21:09.254517, 234.0, 72.0, 306.0, -9779, 20
2024-04-21 15:21:12.005001, 232.0, 50.0, 282.0, -9961, 20
2024-04-21 15:21:14.755683, 178.0, 2.0, 180.0, -10137, 20
2024-04-21 15:21:17.506441, 184.0, 8.0, 192.0, -10313, 20
2024-04-21 15:21:20.257245, 135.0, 4.0, 139.0, -10444, 20
2024-04-21 15:21:23.008052, 193.0, 10.0, 203.0, -10627, 20
2024-04-21 15:21:25.758802, 249.0, 24.0, 273.0, -10852, 22
2024-04-21 15:21:28.509163, 193.0, 22.0, 215.0, -11023, 22
2024-04-21 15:21:31.259713, 173.0, 12.0, 185.0, -11184, 22
2024-04-21 15:21:34.010751, 87.0, 32.0, 119.0, -11239, 22
2024-04-21 15:21:36.761685, 24.0, 24.0, 48.0, -11239, 22
2024-04-21 15:21:39.512497, 10.0, 10.0, 20.0, -11239, 22
2024-04-21 15:21:42.263197, 0.0, 0.0, 0.0, -11239, 22
2024-04-21 15:21:45.013960, 0.0, 0.0, 0.0, -11239, 22
2024-04-21 15:21:47.764501, 0.0, 0.0, 0.0, -11239, 22
2024-04-21 15:21:50.515096, 0.0, 0.0, 0.0, -11239, 22
2024-04-21 15:21:53.265785, 0.0, 0.0, 0.0, -11239, 22
2024-04-21 15:21:56.016487, 0.0, 0.0, 0.0, -11239, 22
2024-04-21 15:21:58.767129, 0.0, 0.0, 0.0, -11239, 22
2024-04-21 15:22:01.517830, 13.0, 0.0, 13.0, -11252, 22
2024-04-21 15:22:04.268557, 134.0, 0.0, 134.0, -11386, 22
2024-04-21 15:22:07.019603, 232.0, 46.0, 278.0, -11572, 22
2024-04-21 15:22:09.770606, 239.0, 64.0, 303.0, -11747, 22
2024-04-21 15:22:12.521404, 180.0, 38.0, 218.0, -11889, 22
2024-04-21 15:22:15.272754, 182.0, 14.0, 196.0, -12057, 22
2024-04-21 15:22:18.023760, 189.0, 14.0, 203.0, -12232, 22
2024-04-21 15:22:20.774558, 225.0, 14.0, 239.0, -12443, 22
2024-04-21 15:22:23.525364, 160.0, 4.0, 164.0, -12599, 22
2024-04-21 15:22:26.276237, 179.0, 20.0, 199.0, -12758, 22
2024-04-21 15:22:29.027208, 221.0, 12.0, 233.0, -12967, 22
2024-04-21 15:22:31.777857, 176.0, 10.0, 186.0, -13133, 22
2024-04-21 15:22:34.528611, 31.0, 8.0, 39.0, -13156, 22
2024-04-21 15:22:37.279571, 28.0, 28.0, 56.0, -13156, 22
2024-04-21 15:22:40.030559, 6.0, 6.0, 12.0, -13156, 22
2024-04-21 15:22:42.781551, 0.0, 0.0, 0.0, -13156, 22
2024-04-21 15:22:45.532560, 0.0, 0.0, 0.0, -13156, 22
2024-04-21 15:22:48.283655, 0.0, 0.0, 0.0, -13156, 22
2024-04-21 15:22:51.034680, 0.0, 0.0, 0.0, -13156, 22
2024-04-21 15:22:53.785315, 0.0, 0.0, 0.0, -13156, 22
2024-04-21 15:22:56.536213, 0.0, 0.0, 0.0, -13156, 22
2024-04-21 15:22:59.287365, 0.0, 0.0, 0.0, -13156, 22
2024-04-21 15:23:02.038488, 12.0, 0.0, 12.0, -13168, 22
2024-04-21 15:23:04.789427, 90.0, 0.0, 90.0, -13258, 22
2024-04-21 15:23:07.540325, 116.0, 12.0, 128.0, -13362, 22
2024-04-21 15:23:10.291219, 153.0, 62.0, 215.0, -13453, 22
2024-04-21 15:23:13.042182, 152.0, 22.0, 174.0, -13583, 22
2024-04-21 15:23:15.792859, 138.0, 12.0, 150.0, -13709, 22
2024-04-21 15:23:18.543261, 111.0, 12.0, 123.0, -13808, 22
2024-04-21 15:23:21.293909, 108.0, 8.0, 116.0, -13908, 22
2024-04-21 15:23:24.044888, 122.0, 4.0, 126.0, -14026, 22
2024-04-21 15:23:26.795883, 118.0, 4.0, 122.0, -14140, 22
2024-04-21 15:23:29.546572, 136.0, 10.0, 146.0, -14266, 22
2024-04-21 15:23:32.297232, 114.0, 8.0, 122.0, -14372, 22
2024-04-21 15:23:35.048209, 33.0, 16.0, 49.0, -14389, 22
2024-04-21 15:23:37.799144, 8.0, 8.0, 16.0, -14389, 22
2024-04-21 15:23:40.550190, 2.0, 2.0, 4.0, -14389, 22
2024-04-21 15:23:43.301235, 0.0, 0.0, 0.0, -14389, 22
2024-04-21 15:23:46.052276, 0.0, 0.0, 0.0, -14389, 22
2024-04-21 15:23:48.803184, 0.0, 0.0, 0.0, -14389, 22
2024-04-21 15:23:51.553838, 0.0, 0.0, 0.0, -14389, 22
2024-04-21 15:23:54.304428, 0.0, 0.0, 0.0, -14389, 22
2024-04-21 15:23:57.054914, 0.0, 0.0, 0.0, -14389, 22
2024-04-21 15:23:59.805779, 0.0, 0.0, 0.0, -14389, 22
2024-04-21 15:24:02.556568, 0.0, 0.0, 0.0, -14389, 22
2024-04-21 15:24:05.307575, 0.0, 0.0, 0.0, -14389, 22
2024-04-21 15:24:08.058392, 0.0, 0.0, 0.0, -14389, 22
2024-04-21 15:24:10.809267, 0.0, 0.0, 0.0, -14389, 22
2024-04-21 15:24:13.560287, 0.0, 0.0, 0.0, -14389, 22
2024-04-21 15:24:16.311138, 0.0, 0.0, 0.0, -14389, 22
2024-04-21 15:24:19.061950, 0.0, 0.0, 0.0, -14389, 22
2024-04-21 15:24:21.812697, 0.0, 0.0, 0.0, -14389, 22
2024-04-21 15:25:20.194536, 0.0, 0.0, 0.0, 0, 0
2024-04-21 15:25:22.945527, 0.0, 0.0, 0.0, 0, 0
2024-04-21 15:25:25.696472, 99.0, 106.0, 205.0, 7, 10
2024-04-21 15:25:28.447619, 198.0, 86.0, 284.0, -105, 23
2024-04-21 15:25:31.198412, 193.0, 20.0, 213.0, -278, 23
2024-04-21 15:25:33.949291, 227.0, 64.0, 291.0, -441, 23
2024-04-21 15:25:36.700523, 198.0, 12.0, 210.0, -627, 23
2024-04-21 15:25:39.451756, 173.0, 10.0, 183.0, -790, 23
2024-04-21 15:25:42.202501, 168.0, 8.0, 176.0, -950, 23
2024-04-21 15:25:44.953167, 162.0, 2.0, 164.0, -1110, 23
2024-04-21 15:25:47.704189, 163.0, 12.0, 175.0, -1261, 23
2024-04-21 15:25:50.454952, 200.0, 6.0, 206.0, -1455, 23
2024-04-21 15:25:53.205422, 181.0, 18.0, 199.0, -1618, 23
2024-04-21 15:25:55.956476, 136.0, 20.0, 156.0, -1734, 23
2024-04-21 15:25:58.707110, 16.0, 16.0, 32.0, -1734, 23
2024-04-21 15:26:01.457774, 6.0, 6.0, 12.0, -1734, 23
2024-04-21 15:26:04.208536, 2.0, 2.0, 4.0, -1734, 23
2024-04-21 15:26:06.959407, 0.0, 0.0, 0.0, -1734, 23
2024-04-21 15:26:09.710450, 0.0, 0.0, 0.0, -1734, 23
2024-04-21 15:26:12.461436, 0.0, 0.0, 0.0, -1734, 23
2024-04-21 15:26:15.212542, 0.0, 0.0, 0.0, -1734, 23
2024-04-21 15:26:17.963555, 0.0, 0.0, 0.0, -1734, 23
2024-04-21 15:26:20.714603, 0.0, 0.0, 0.0, -1734, 23
2024-04-21 15:26:23.465417, 0.0, 0.0, 0.0, -1734, 23
2024-04-21 15:26:26.216248, 79.0, 0.0, 79.0, -1813, 23
2024-04-21 15:26:28.967593, 192.0, 0.0, 192.0, -2005, 23
2024-04-21 15:26:31.718852, 257.0, 74.0, 331.0, -2188, 23
2024-04-21 15:26:34.469876, 209.0, 48.0, 257.0, -2349, 23
2024-04-21 15:26:37.220438, 192.0, 16.0, 208.0, -2525, 23
2024-04-21 15:26:39.971272, 180.0, 8.0, 188.0, -2697, 23
2024-04-21 15:26:42.722342, 189.0, 12.0, 201.0, -2874, 25
2024-04-21 15:26:45.473995, 199.0, 28.0, 227.0, -3045, 25
2024-04-21 15:26:48.224846, 160.0, 14.0, 174.0, -3191, 25
2024-04-21 15:26:50.975639, 162.0, 0.0, 162.0, -3353, 25
2024-04-21 15:26:53.726540, 201.0, 24.0, 225.0, -3530, 25
2024-04-21 15:26:56.477312, 69.0, 14.0, 83.0, -3585, 25
2024-04-21 15:26:59.228176, 18.0, 18.0, 36.0, -3585, 25
2024-04-21 15:27:01.978875, 8.0, 8.0, 16.0, -3585, 25
2024-04-21 15:27:04.729665, 0.0, 0.0, 0.0, -3585, 25
2024-04-21 15:27:07.480387, 0.0, 0.0, 0.0, -3585, 25
2024-04-21 15:27:10.231177, 0.0, 0.0, 0.0, -3585, 25
2024-04-21 15:27:12.981922, 0.0, 0.0, 0.0, -3585, 25
2024-04-21 15:27:15.732752, 0.0, 0.0, 0.0, -3585, 25
2024-04-21 15:27:18.483489, 0.0, 4.0, 4.0, -3581, 27
2024-04-21 15:27:21.234644, 0.0, 0.0, 0.0, -3581, 27
2024-04-21 15:27:23.985410, 0.0, 0.0, 0.0, -3581, 27
2024-04-21 15:27:26.736185, 145.0, 0.0, 145.0, -3726, 27
2024-04-21 15:27:29.486892, 181.0, 26.0, 207.0, -3881, 27
2024-04-21 15:27:32.238081, 207.0, 56.0, 263.0, -4032, 27
2024-04-21 15:27:34.989912, 244.0, 48.0, 292.0, -4229, 27
2024-04-21 15:27:37.740738, 222.0, 24.0, 246.0, -4427, 27
2024-04-21 15:27:40.491456, 189.0, 4.0, 193.0, -4612, 27
2024-04-21 15:27:43.242762, 125.0, 0.0, 125.0, -4737, 27
2024-04-21 15:27:45.993707, 182.0, 10.0, 192.0, -4909, 27
2024-04-21 15:27:48.744437, 201.0, 12.0, 213.0, -5098, 27
2024-04-21 15:27:51.495312, 169.0, 12.0, 181.0, -5255, 27
2024-04-21 15:27:54.246217, 148.0, 8.0, 156.0, -5395, 27
2024-04-21 15:27:56.997068, 99.0, 30.0, 129.0, -5464, 29
2024-04-21 15:27:59.747798, 22.0, 22.0, 44.0, -5464, 29
2024-04-21 15:28:02.498675, 4.0, 4.0, 8.0, -5464, 29
2024-04-21 15:28:05.249470, 0.0, 0.0, 0.0, -5464, 29
2024-04-21 15:28:08.000229, 0.0, 0.0, 0.0, -5464, 29
2024-04-21 15:28:10.750993, 0.0, 0.0, 0.0, -5464, 29
2024-04-21 15:28:13.501862, 0.0, 0.0, 0.0, -5464, 29
2024-04-21 15:28:16.252755, 0.0, 0.0, 0.0, -5464, 29
2024-04-21 15:28:19.003633, 0.0, 0.0, 0.0, -5464, 29
2024-04-21 15:28:21.754484, 0.0, 0.0, 0.0, -5464, 29
2024-04-21 15:28:24.505161, 19.0, 0.0, 19.0, -5483, 29
2024-04-21 15:28:27.255963, 115.0, 0.0, 115.0, -5598, 29
2024-04-21 15:28:30.006907, 233.0, 64.0, 297.0, -5767, 29
2024-04-21 15:28:32.757804, 231.0, 54.0, 285.0, -5944, 29
2024-04-21 15:28:35.508489, 190.0, 28.0, 218.0, -6106, 29
2024-04-21 15:28:38.259277, 170.0, 20.0, 190.0, -6256, 31
2024-04-21 15:28:41.010220, 209.0, 18.0, 227.0, -6447, 31
2024-04-21 15:28:43.760895, 223.0, 12.0, 235.0, -6658, 31
2024-04-21 15:28:46.511461, 169.0, 8.0, 177.0, -6819, 31
2024-04-21 15:28:49.262271, 163.0, 4.0, 167.0, -6978, 31
2024-04-21 15:28:52.013143, 193.0, 4.0, 197.0, -7167, 31
2024-04-21 15:28:54.763776, 147.0, 14.0, 161.0, -7300, 31
2024-04-21 15:28:57.514624, 23.0, 12.0, 35.0, -7311, 31
2024-04-21 15:29:00.265477, 16.0, 16.0, 32.0, -7311, 31
2024-04-21 15:56:46.463431, 0.0, 0.0, 0.0, 0, 0
2024-04-21 15:56:49.214561, 0.0, 0.0, 0.0, 0, 0
2024-04-21 15:56:51.965568, 0.0, 0.0, 0.0, 0, 0
2024-04-21 15:56:54.716737, 0.0, 0.0, 0.0, 0, 0
2024-04-21 15:56:57.467986, 0.0, 0.0, 0.0, 0, 0
2024-04-21 15:57:00.219259, 89.0, 138.0, 227.0, 49, 6
2024-04-21 15:57:02.970233, 203.0, 82.0, 285.0, -72, 16
2024-04-21 15:57:05.721041, 228.0, 22.0, 250.0, -278, 18
2024-04-21 15:57:08.471969, 251.0, 50.0, 301.0, -479, 18
2024-04-21 15:57:11.222703, 163.0, 20.0, 183.0, -622, 18
2024-04-21 15:57:13.973284, 180.0, 10.0, 190.0, -792, 18
2024-04-21 15:57:16.723921, 202.0, 10.0, 212.0, -984, 18
2024-04-21 15:57:19.474585, 178.0, 8.0, 186.0, -1154, 18
2024-04-21 15:57:22.225410, 139.0, 10.0, 149.0, -1283, 18
2024-04-21 15:57:24.976130, 186.0, 18.0, 204.0, -1451, 18
2024-04-21 15:57:27.726695, 215.0, 18.0, 233.0, -1648, 18
2024-04-21 15:57:30.477246, 89.0, 14.0, 103.0, -1723, 18
2024-04-21 15:57:33.227595, 18.0, 18.0, 36.0, -1723, 18
2024-04-21 15:57:35.978076, 12.0, 12.0, 24.0, -1723, 18
2024-04-21 15:57:38.728541, 0.0, 0.0, 0.0, -1723, 18
2024-04-21 15:57:41.479172, 0.0, 0.0, 0.0, -1723, 18
2024-04-21 15:57:44.230016, 0.0, 0.0, 0.0, -1723, 18
2024-04-21 15:57:46.981114, 0.0, 0.0, 0.0, -1723, 18
2024-04-21 15:57:49.732262, 0.0, 0.0, 0.0, -1723, 18
2024-04-21 15:57:52.483361, 0.0, 0.0, 0.0, -1723, 18
2024-04-21 15:57:55.234363, 0.0, 0.0, 0.0, -1723, 18
2024-04-21 15:57:57.985276, 0.0, 0.0, 0.0, -1723, 18
2024-04-21 15:58:00.736399, 156.0, 0.0, 156.0, -1879, 18
2024-04-21 15:58:03.487424, 154.0, 6.0, 160.0, -2027, 18
2024-04-21 15:58:06.238184, 222.0, 72.0, 294.0, -2177, 18
2024-04-21 15:58:08.988904, 245.0, 60.0, 305.0, -2362, 18
2024-04-21 15:58:11.739571, 211.0, 18.0, 229.0, -2555, 18
2024-04-21 15:58:14.490165, 174.0, 22.0, 196.0, -2707, 18
2024-04-21 15:58:17.240836, 164.0, 4.0, 168.0, -2867, 18
2024-04-21 15:58:19.991368, 224.0, 12.0, 236.0, -3079, 18
2024-04-21 15:58:22.742251, 181.0, 0.0, 181.0, -3260, 18
2024-04-21 15:58:25.493246, 184.0, 18.0, 202.0, -3426, 18
2024-04-21 15:58:28.244094, 137.0, 4.0, 141.0, -3559, 18
2024-04-21 15:58:30.994708, 68.0, 14.0, 82.0, -3613, 18
2024-04-21 15:58:33.745522, 22.0, 22.0, 44.0, -3613, 18
2024-04-21 15:58:36.496450, 10.0, 10.0, 20.0, -3613, 18
2024-04-21 15:58:39.247485, 0.0, 0.0, 0.0, -3613, 18
2024-04-21 15:58:41.998628, 0.0, 0.0, 0.0, -3613, 18
2024-04-21 15:58:44.749478, 0.0, 0.0, 0.0, -3613, 18
2024-04-21 15:58:47.500578, 0.0, 0.0, 0.0, -3613, 18
2024-04-21 15:58:50.251698, 0.0, 0.0, 0.0, -3613, 18
2024-04-21 15:58:53.002727, 0.0, 0.0, 0.0, -3613, 18
2024-04-21 15:58:55.753868, 0.0, 0.0, 0.0, -3613, 18
2024-04-21 15:58:58.504706, 11.0, 0.0, 11.0, -3624, 18
2024-04-21 15:59:01.255358, 125.0, 0.0, 125.0, -3749, 18
2024-04-21 15:59:04.006238, 218.0, 30.0, 248.0, -3937, 18
2024-04-21 15:59:06.756922, 256.0, 62.0, 318.0, -4131, 18
2024-04-21 15:59:09.507814, 202.0, 40.0, 242.0, -4293, 18
2024-04-21 15:59:12.258883, 158.0, 16.0, 174.0, -4435, 18
2024-04-21 15:59:15.010006, 201.0, 10.0, 211.0, -4626, 18
2024-04-21 15:59:17.761013, 188.0, 4.0, 192.0, -4810, 18
2024-04-21 15:59:20.511828, 178.0, 8.0, 186.0, -4980, 18
2024-04-21 15:59:23.262822, 171.0, 16.0, 187.0, -5135, 18
2024-04-21 15:59:26.013995, 220.0, 24.0, 244.0, -5331, 18
2024-04-21 15:59:28.765057, 181.0, 12.0, 193.0, -5500, 18
2024-04-21 15:59:31.516202, 28.0, 10.0, 38.0, -5518, 18
2024-04-21 15:59:34.267396, 30.0, 30.0, 60.0, -5518, 18
2024-04-21 15:59:37.018647, 4.0, 4.0, 8.0, -5518, 18
2024-04-21 15:59:39.769835, 0.0, 0.0, 0.0, -5518, 18
2024-04-21 15:59:42.520928, 0.0, 0.0, 0.0, -5518, 18
2024-04-21 15:59:45.272232, 0.0, 0.0, 0.0, -5518, 18
2024-04-21 15:59:48.023290, 0.0, 0.0, 0.0, -5518, 18
2024-04-21 15:59:50.774340, 0.0, 0.0, 0.0, -5518, 18
2024-04-21 15:59:53.525333, 0.0, 0.0, 0.0, -5518, 18
2024-04-21 15:59:56.276203, 0.0, 0.0, 0.0, -5518, 18
2024-04-21 15:59:59.027273, 44.0, 0.0, 44.0, -5562, 18
2024-04-21 16:00:01.778238, 202.0, 0.0, 202.0, -5764, 18
2024-04-21 16:00:04.528766, 212.0, 42.0, 254.0, -5934, 18
2024-04-21 16:00:07.279399, 234.0, 82.0, 316.0, -6086, 18
2024-04-21 16:00:10.030374, 201.0, 20.0, 221.0, -6267, 18
2024-04-21 16:00:12.781406, 201.0, 8.0, 209.0, -6460, 18
2024-04-21 16:00:15.532086, 176.0, 14.0, 190.0, -6622, 18
2024-04-21 16:00:18.282838, 190.0, 16.0, 206.0, -6796, 18
2024-04-21 16:00:21.034025, 169.0, 12.0, 181.0, -6953, 18
2024-04-21 16:00:23.785284, 170.0, 0.0, 170.0, -7123, 18
2024-04-21 16:00:26.537709, 161.0, 26.0, 187.0, -7259, 18
2024-04-21 16:00:29.289113, 163.0, 14.0, 177.0, -7408, 18
2024-04-21 16:00:32.040338, 30.0, 6.0, 36.0, -7432, 18
2024-04-21 16:00:34.791567, 22.0, 22.0, 44.0, -7432, 18
2024-04-21 16:00:37.542587, 10.0, 10.0, 20.0, -7432, 18
2024-04-21 16:00:40.293327, 0.0, 0.0, 0.0, -7432, 18
2024-04-21 16:00:43.044323, 0.0, 0.0, 0.0, -7432, 18
2024-04-21 16:00:45.795602, 0.0, 0.0, 0.0, -7432, 18
2024-04-21 16:00:48.546708, 0.0, 0.0, 0.0, -7432, 18
2024-04-21 16:00:51.297810, 0.0, 0.0, 0.0, -7432, 18
2024-04-21 16:00:54.049033, 0.0, 0.0, 0.0, -7432, 18
2024-04-21 16:00:56.800292, 0.0, 0.0, 0.0, -7432, 18
2024-04-21 16:00:59.552057, 60.0, 0.0, 60.0, -7492, 18
2024-04-21 16:01:02.304510, 174.0, 0.0, 174.0, -7666, 18
2024-04-21 16:01:05.055623, 242.0, 68.0, 310.0, -7840, 18
2024-04-21 16:01:07.806658, 216.0, 54.0, 270.0, -8002, 18
2024-04-21 16:01:10.557486, 169.0, 18.0, 187.0, -8153, 18
2024-04-21 16:01:13.308425, 185.0, 2.0, 187.0, -8336, 18
2024-04-21 16:01:16.059555, 220.0, 12.0, 232.0, -8544, 18
2024-04-21 16:01:18.810572, 191.0, 8.0, 199.0, -8727, 18
2024-04-21 16:01:21.561196, 156.0, 16.0, 172.0, -8867, 18
2024-04-21 16:01:24.312266, 204.0, 16.0, 220.0, -9055, 18
2024-04-21 16:01:27.063280, 200.0, 18.0, 218.0, -9237, 18
2024-04-21 16:01:29.814381, 141.0, 20.0, 161.0, -9358, 18
2024-04-21 16:01:32.565443, 10.0, 10.0, 20.0, -9358, 18
2024-04-21 16:01:35.316570, 28.0, 28.0, 56.0, -9358, 18
2024-04-21 16:01:38.067859, 4.0, 4.0, 8.0, -9358, 18
2024-04-21 16:01:40.819056, 0.0, 0.0, 0.0, -9358, 18
2024-04-21 16:01:43.570279, 0.0, 0.0, 0.0, -9358, 18
2024-04-21 16:01:46.321490, 0.0, 0.0, 0.0, -9358, 18
2024-04-21 16:01:49.072595, 0.0, 0.0, 0.0, -9358, 18
2024-04-21 16:01:51.823746, 0.0, 0.0, 0.0, -9358, 18
2024-04-21 16:01:54.574944, 0.0, 0.0, 0.0, -9358, 18
2024-04-21 16:01:57.326269, 0.0, 0.0, 0.0, -9358, 18
2024-04-21 16:02:00.077490, 80.0, 0.0, 80.0, -9438, 18
2024-04-21 16:02:02.828455, 216.0, 0.0, 216.0, -9654, 18
2024-04-21 16:02:05.579005, 178.0, 44.0, 222.0, -9788, 18
2024-04-21 16:02:08.329791, 255.0, 60.0, 315.0, -9983, 18
2024-04-21 16:02:11.080521, 221.0, 30.0, 251.0, -10174, 18
2024-04-21 16:02:13.831411, 188.0, 18.0, 206.0, -10344, 18
2024-04-21 16:02:16.582276, 147.0, 22.0, 169.0, -10469, 18
2024-04-21 16:02:19.333232, 216.0, 22.0, 238.0, -10663, 18
2024-04-21 16:02:22.084033, 171.0, 4.0, 175.0, -10830, 18
2024-04-21 16:02:24.834925, 198.0, 8.0, 206.0, -11020, 18
2024-04-21 16:02:27.587347, 133.0, 16.0, 149.0, -11137, 18
2024-04-21 16:02:30.338082, 153.0, 18.0, 171.0, -11272, 18
2024-04-21 16:02:33.088788, 8.0, 8.0, 16.0, -11272, 18
2024-04-21 16:02:35.839565, 4.0, 4.0, 8.0, -11272, 18
2024-04-21 16:02:38.590587, 0.0, 0.0, 0.0, -11272, 18
2024-04-21 16:02:41.341869, 0.0, 0.0, 0.0, -11272, 18
2024-04-21 16:02:44.092942, 0.0, 0.0, 0.0, -11272, 18
2024-04-21 16:02:46.843949, 0.0, 0.0, 0.0, -11272, 18
2024-04-21 16:02:49.594967, 0.0, 0.0, 0.0, -11272, 18
2024-04-21 16:02:52.345907, 0.0, 0.0, 0.0, -11272, 18
2024-04-21 16:02:55.096887, 0.0, 0.0, 0.0, -11272, 18
2024-04-21 16:02:57.847773, 0.0, 0.0, 0.0, -11272, 18
2024-04-21 16:03:00.598494, 87.0, 0.0, 87.0, -11359, 18
2024-04-21 16:03:03.348998, 183.0, 0.0, 183.0, -11542, 18
2024-04-21 16:03:06.099589, 243.0, 74.0, 317.0, -11711, 18
2024-04-21 16:03:08.850492, 266.0, 60.0, 326.0, -11917, 18
2024-04-21 16:03:11.601439, 158.0, 8.0, 166.0, -12067, 18
2024-04-21 16:03:14.352371, 202.0, 22.0, 224.0, -12247, 18
2024-04-21 16:03:17.103134, 254.0, 28.0, 282.0, -12473, 18
2024-04-21 16:03:19.854086, 181.0, 12.0, 193.0, -12642, 18
2024-04-21 16:03:22.604775, 144.0, 8.0, 152.0, -12778, 18
2024-04-21 16:03:25.355745, 207.0, 16.0, 223.0, -12969, 18
2024-04-21 16:03:28.106332, 159.0, 0.0, 159.0, -13128, 18
2024-04-21 16:03:30.857446, 72.0, 8.0, 80.0, -13192, 18
2024-04-21 16:03:33.608118, 18.0, 18.0, 36.0, -13192, 18
2024-04-21 16:03:36.358966, 6.0, 6.0, 12.0, -13192, 18
2024-04-21 16:03:39.110170, 0.0, 0.0, 0.0, -13192, 18
2024-04-21 16:03:41.861512, 0.0, 0.0, 0.0, -13192, 18
2024-04-21 16:03:44.612609, 0.0, 0.0, 0.0, -13192, 18
2024-04-21 16:03:47.363681, 0.0, 0.0, 0.0, -13192, 18
2024-04-21 16:03:50.114772, 0.0, 0.0, 0.0, -13192, 18
2024-04-21 16:03:52.865886, 0.0, 0.0, 0.0, -13192, 18
2024-04-21 16:03:55.617134, 0.0, 0.0, 0.0, -13192, 18
2024-04-21 16:03:58.368318, 0.0, 0.0, 0.0, -13192, 18
2024-04-21 16:04:01.119400, 68.0, 0.0, 68.0, -13260, 18
2024-04-21 16:04:03.870405, 120.0, 22.0, 142.0, -13358, 18
2024-04-21 16:04:06.621502, 68.0, 16.0, 84.0, -13410, 18
2024-04-21 16:04:09.372612, 134.0, 36.0, 170.0, -13508, 18
2024-04-21 16:04:12.123751, 106.0, 10.0, 116.0, -13604, 18
2024-04-21 16:04:14.874823, 99.0, 16.0, 115.0, -13687, 18
2024-04-21 16:04:17.625949, 69.0, 12.0, 81.0, -13744, 18
2024-04-21 16:04:20.376884, 91.0, 4.0, 95.0, -13831, 18
2024-04-21 16:04:23.127965, 121.0, 4.0, 125.0, -13948, 18
2024-04-21 16:04:25.879025, 72.0, 0.0, 72.0, -14020, 18
2024-04-21 16:04:28.630161, 70.0, 8.0, 78.0, -14082, 18
2024-04-21 16:04:31.381340, 52.0, 18.0, 70.0, -14116, 18
2024-04-21 16:04:34.132648, 8.0, 8.0, 16.0, -14116, 18
2024-04-21 16:04:36.883929, 2.0, 2.0, 4.0, -14116, 18
2024-04-21 16:04:39.635133, 0.0, 0.0, 0.0, -14116, 18
2024-04-21 16:04:42.386484, 0.0, 0.0, 0.0, -14116, 18
2024-04-21 16:04:45.137567, 0.0, 0.0, 0.0, -14116, 18
2024-04-21 16:04:47.888388, 0.0, 0.0, 0.0, -14116, 18
2024-04-21 16:04:50.639284, 0.0, 0.0, 0.0, -14116, 18
2024-04-21 16:04:53.390337, 0.0, 0.0, 0.0, -14116, 18
2024-04-21 16:04:56.141453, 0.0, 0.0, 0.0, -14116, 18
2024-04-21 16:04:58.892377, 0.0, 0.0, 0.0, -14116, 18
2024-04-21 16:05:01.643096, 0.0, 0.0, 0.0, -14116, 18
2024-04-21 16:05:04.394157, 0.0, 0.0, 0.0, -14116, 18
2024-04-21 16:05:07.145437, 0.0, 0.0, 0.0, -14116, 18
2024-04-21 16:05:09.896698, 0.0, 0.0, 0.0, -14116, 18
2024-04-21 16:05:12.647974, 0.0, 0.0, 0.0, -14116, 18
2024-04-21 16:05:15.399202, 0.0, 0.0, 0.0, -14116, 18
2024-04-21 16:05:18.150516, 0.0, 0.0, 0.0, -14116, 18
2024-04-21 16:05:20.901708, 0.0, 0.0, 0.0, -14116, 18
2024-04-21 16:05:23.652917, 0.0, 0.0, 0.0, -14116, 18
2024-04-21 16:05:26.403980, 0.0, 0.0, 0.0, -14116, 18
2024-04-21 16:05:29.155112, 0.0, 0.0, 0.0, -14116, 18
2024-04-21 16:05:31.906333, 0.0, 0.0, 0.0, -14116, 18
2024-04-21 16:05:34.657112, 0.0, 0.0, 0.0, -14116, 18
2024-04-21 16:05:37.408007, 0.0, 0.0, 0.0, -14116, 18
2024-04-21 16:05:40.159053, 0.0, 0.0, 0.0, -14116, 18
2024-04-21 16:05:42.910067, 0.0, 0.0, 0.0, -14116, 18
2024-04-21 16:05:45.660911, 0.0, 0.0, 0.0, -14116, 18
2024-04-21 16:05:48.411896, 0.0, 0.0, 0.0, -14116, 18
2024-04-21 16:05:51.163041, 0.0, 0.0, 0.0, -14116, 18
2024-04-21 16:05:53.914518, 0.0, 0.0, 0.0, -14116, 18
2024-04-21 16:05:56.665847, 0.0, 0.0, 0.0, -14116, 18
2024-04-21 16:05:59.417420, 0.0, 0.0, 0.0, -14116, 18
2024-04-21 16:06:02.168546, 0.0, 0.0, 0.0, -14116, 18
2024-04-21 16:06:04.919718, 0.0, 0.0, 0.0, -14116, 18
2024-04-21 16:06:07.671163, 0.0, 0.0, 0.0, -14116, 18
2024-04-21 16:06:10.422573, 0.0, 0.0, 0.0, -14116, 18
2024-04-21 16:06:13.173559, 0.0, 0.0, 0.0, -14116, 18
2024-04-21 16:06:15.924428, 0.0, 0.0, 0.0, -14116, 18
2024-04-21 16:06:18.675927, 0.0, 0.0, 0.0, -14116, 18
2024-04-21 16:06:21.427262, 0.0, 0.0, 0.0, -14116, 18
2024-04-21 16:06:24.178449, 0.0, 0.0, 0.0, -14116, 18
2024-04-21 16:06:26.929859, 0.0, 0.0, 0.0, -14116, 18
2024-04-21 16:06:29.680967, 0.0, 0.0, 0.0, -14116, 18
2024-04-21 16:06:32.432228, 0.0, 0.0, 0.0, -14116, 18
2024-04-21 16:06:35.183406, 0.0, 0.0, 0.0, -14116, 18
2024-04-21 16:06:37.934652, 0.0, 0.0, 0.0, -14116, 18
2024-04-21 16:06:40.685764, 0.0, 0.0, 0.0, -14116, 18
2024-04-21 16:06:43.436899, 0.0, 0.0, 0.0, -14116, 18
2024-04-21 16:06:46.188127, 0.0, 0.0, 0.0, -14116, 18
2024-04-21 16:06:48.939309, 0.0, 0.0, 0.0, -14116, 18
2024-04-21 16:06:51.690574, 0.0, 0.0, 0.0, -14116, 18
2024-04-21 16:06:54.441888, 0.0, 0.0, 0.0, -14116, 18
2024-04-21 16:06:57.193148, 0.0, 0.0, 0.0, -14116, 18
2024-04-21 16:06:59.944461, 0.0, 0.0, 0.0, -14116, 18
2024-04-21 16:07:02.695872, 0.0, 0.0, 0.0, -14116, 18
2024-04-21 16:07:05.447378, 0.0, 0.0, 0.0, -14116, 18
2024-04-21 16:07:08.198728, 0.0, 0.0, 0.0, -14116, 18
2024-04-21 16:07:10.949965, 0.0, 0.0, 0.0, -14116, 18
2024-04-21 16:07:13.701148, 0.0, 0.0, 0.0, -14116, 18
2024-04-21 16:07:16.452215, 0.0, 0.0, 0.0, -14116, 18
2024-04-21 16:07:19.203331, 0.0, 0.0, 0.0, -14116, 18
2024-04-21 16:07:21.954423, 0.0, 0.0, 0.0, -14116, 18
2024-04-21 16:07:24.705556, 0.0, 0.0, 0.0, -14116, 18
2024-04-21 16:07:27.456917, 0.0, 0.0, 0.0, -14116, 18
2024-04-21 16:07:30.208204, 0.0, 0.0, 0.0, -14116, 18
2024-04-21 16:07:32.959367, 0.0, 0.0, 0.0, -14116, 18
2024-04-21 16:07:35.710389, 0.0, 0.0, 0.0, -14116, 18
2024-04-21 16:07:38.461364, 0.0, 0.0, 0.0, -14116, 18
2024-04-21 16:07:41.212482, 0.0, 0.0, 0.0, -14116, 18
2024-04-21 16:07:43.963576, 0.0, 0.0, 0.0, -14116, 18
2024-04-21 16:07:46.714778, 0.0, 0.0, 0.0, -14116, 18
2024-04-21 16:07:49.465906, 0.0, 0.0, 0.0, -14116, 18
2024-04-21 16:07:52.216986, 0.0, 0.0, 0.0, -14116, 18
2024-04-21 16:07:54.968163, 0.0, 0.0, 0.0, -14116, 18
2024-04-21 16:07:57.719269, 0.0, 0.0, 0.0, -14116, 18
2024-04-21 16:08:00.470716, 0.0, 0.0, 0.0, -14116, 18
2024-04-21 16:08:03.221956, 0.0, 0.0, 0.0, -14116, 18
2024-04-21 16:08:05.973206, 0.0, 0.0, 0.0, -14116, 18
2024-04-21 16:08:08.724269, 0.0, 0.0, 0.0, -14116, 18
2024-04-21 16:08:11.475341, 0.0, 0.0, 0.0, -14116, 18
2024-04-21 16:08:14.226704, 0.0, 0.0, 0.0, -14116, 18
2024-04-21 16:08:16.978045, 0.0, 0.0, 0.0, -14116, 18
2024-04-21 16:08:19.729442, 0.0, 0.0, 0.0, -14116, 18
2024-04-21 16:08:22.480502, 0.0, 0.0, 0.0, -14116, 18
2024-04-21 16:08:25.231459, 0.0, 0.0, 0.0, -14116, 18
2024-04-21 16:08:27.982593, 0.0, 0.0, 0.0, -14116, 18
2024-04-21 16:08:30.733977, 0.0, 0.0, 0.0, -14116, 18
2024-04-21 16:08:33.484936, 0.0, 0.0, 0.0, -14116, 18
2024-04-21 16:08:36.235901, 0.0, 0.0, 0.0, -14116, 18
2024-04-21 16:08:38.987190, 0.0, 0.0, 0.0, -14116, 18
2024-04-21 16:08:41.738679, 0.0, 0.0, 0.0, -14116, 18
2024-04-21 16:08:44.489822, 0.0, 0.0, 0.0, -14116, 18
2024-04-21 16:08:47.240670, 0.0, 0.0, 0.0, -14116, 18
2024-04-21 16:08:49.991624, 0.0, 0.0, 0.0, -14116, 18
2024-04-21 16:08:52.742328, 0.0, 0.0, 0.0, -14116, 18
2024-04-21 16:08:55.493177, 0.0, 0.0, 0.0, -14116, 18
2024-04-21 16:08:58.244367, 0.0, 0.0, 0.0, -14116, 18
2024-04-21 16:09:00.995589, 0.0, 0.0, 0.0, -14116, 18
2024-04-21 16:09:03.746766, 0.0, 0.0, 0.0, -14116, 18
2024-04-21 16:09:06.497836, 0.0, 0.0, 0.0, -14116, 18
2024-04-21 16:09:09.248956, 0.0, 0.0, 0.0, -14116, 18
2024-04-21 16:09:12.000030, 0.0, 0.0, 0.0, -14116, 18
2024-04-21 16:09:14.750959, 0.0, 0.0, 0.0, -14116, 18
2024-04-21 16:09:17.502058, 0.0, 0.0, 0.0, -14116, 18
2024-04-21 16:09:20.253140, 0.0, 0.0, 0.0, -14116, 18
2024-04-21 16:09:23.004284, 0.0, 0.0, 0.0, -14116, 18
2024-04-21 16:09:25.755489, 0.0, 0.0, 0.0, -14116, 18
2024-04-21 16:09:28.506634, 0.0, 0.0, 0.0, -14116, 18
2024-04-21 16:09:31.257797, 0.0, 0.0, 0.0, -14116, 18
2024-04-21 16:09:34.008689, 0.0, 0.0, 0.0, -14116, 18
2024-04-21 16:09:36.759767, 0.0, 0.0, 0.0, -14116, 18
2024-04-21 16:09:39.510814, 0.0, 0.0, 0.0, -14116, 18
2024-04-21 16:09:42.262355, 0.0, 0.0, 0.0, -14116, 18
2024-04-21 16:09:45.013347, 0.0, 0.0, 0.0, -14116, 18
2024-04-21 16:09:47.764332, 0.0, 0.0, 0.0, -14116, 18
2024-04-21 16:09:50.515404, 0.0, 0.0, 0.0, -14116, 18
2024-04-21 16:09:53.266574, 0.0, 0.0, 0.0, -14116, 18
2024-04-21 16:09:56.017623, 0.0, 0.0, 0.0, -14116, 18
2024-04-21 16:09:58.768850, 0.0, 0.0, 0.0, -14116, 18
2024-04-21 16:10:01.519974, 0.0, 0.0, 0.0, -14116, 18
2024-04-21 16:10:04.271020, 0.0, 0.0, 0.0, -14116, 18
2024-04-21 16:10:07.022243, 0.0, 0.0, 0.0, -14116, 18
2024-04-21 16:10:09.773359, 0.0, 0.0, 0.0, -14116, 18
2024-04-21 16:10:12.524441, 0.0, 0.0, 0.0, -14116, 18
2024-04-21 16:10:15.275595, 0.0, 0.0, 0.0, -14116, 18
2024-04-21 16:10:18.026752, 0.0, 0.0, 0.0, -14116, 18
2024-04-21 16:10:20.777968, 0.0, 0.0, 0.0, -14116, 18
2024-04-21 16:10:23.529098, 0.0, 0.0, 0.0, -14116, 18
2024-04-21 16:10:26.279940, 0.0, 0.0, 0.0, -14116, 18
2024-04-21 16:10:29.031087, 0.0, 0.0, 0.0, -14116, 18
2024-04-21 16:10:31.782021, 0.0, 0.0, 0.0, -14116, 18
2024-04-21 16:10:34.532867, 0.0, 0.0, 0.0, -14116, 18
2024-04-21 16:10:37.284047, 0.0, 0.0, 0.0, -14116, 18
2024-04-21 16:10:40.035499, 0.0, 0.0, 0.0, -14116, 18
2024-04-21 16:10:42.786921, 0.0, 0.0, 0.0, -14116, 18
2024-04-21 16:10:45.538355, 0.0, 0.0, 0.0, -14116, 18
2024-04-21 16:10:48.289392, 0.0, 0.0, 0.0, -14116, 18
2024-04-21 16:10:51.040390, 0.0, 0.0, 0.0, -14116, 18
2024-04-21 16:10:53.791289, 0.0, 0.0, 0.0, -14116, 18
2024-04-21 16:10:56.542067, 0.0, 0.0, 0.0, -14116, 18
2024-04-21 16:10:59.292900, 0.0, 0.0, 0.0, -14116, 18
2024-04-21 16:11:02.043982, 0.0, 0.0, 0.0, -14116, 18
2024-04-21 16:11:04.795386, 0.0, 0.0, 0.0, -14116, 18
2024-04-21 16:11:07.546587, 0.0, 0.0, 0.0, -14116, 18
2024-04-21 16:11:10.297411, 0.0, 0.0, 0.0, -14116, 18
2024-04-21 16:11:13.048537, 0.0, 0.0, 0.0, -14116, 18
2024-04-21 16:11:15.799896, 0.0, 0.0, 0.0, -14116, 18
2024-04-21 17:13:25.873971, 0.0, 0.0, 0.0, 0, 0
2024-04-21 17:13:28.630151, 0.0, 0.0, 0.0, 0, 0
2024-04-21 17:13:31.381193, 0.0, 0.0, 0.0, 0, 0
2024-04-21 17:13:34.132379, 0.0, 0.0, 0.0, 0, 0
2024-04-21 17:13:36.883466, 0.0, 0.0, 0.0, 0, 0
2024-04-21 17:13:39.634543, 0.0, 0.0, 0.0, 0, 0
2024-04-21 17:13:42.385409, 0.0, 0.0, 0.0, 0, 0
2024-04-21 17:13:45.136441, 68.0, 134.0, 202.0, 66, 1
2024-04-21 17:13:47.887573, 66.0, 36.0, 102.0, 36, 3
2024-04-21 17:13:50.638187, 31.0, 14.0, 45.0, 19, 4
2024-04-21 17:13:53.388836, 264.0, 78.0, 342.0, -167, 4
2024-04-21 17:13:56.139884, 214.0, 34.0, 248.0, -347, 4
2024-04-21 17:13:58.890807, 184.0, 10.0, 194.0, -521, 4
2024-04-21 17:14:01.641410, 146.0, 16.0, 162.0, -651, 4
2024-04-21 17:14:04.392060, 150.0, 12.0, 162.0, -789, 4
2024-04-21 17:14:07.142652, 194.0, 2.0, 196.0, -981, 4
2024-04-21 17:14:09.893063, 161.0, 12.0, 173.0, -1130, 4
2024-04-21 17:14:12.643608, 174.0, 12.0, 186.0, -1292, 4
2024-04-21 17:14:15.394630, 79.0, 30.0, 109.0, -1341, 6
2024-04-21 17:14:18.145338, 10.0, 10.0, 20.0, -1341, 6
2024-04-21 17:14:20.896113, 2.0, 2.0, 4.0, -1341, 6
2024-04-21 17:14:23.646918, 0.0, 0.0, 0.0, -1341, 6
2024-04-21 17:14:26.397698, 0.0, 0.0, 0.0, -1341, 6
2024-04-21 17:14:29.148301, 0.0, 0.0, 0.0, -1341, 6
2024-04-21 17:14:31.898691, 0.0, 0.0, 0.0, -1341, 6
2024-04-21 17:14:34.649180, 0.0, 0.0, 0.0, -1341, 6
2024-04-21 17:14:37.400029, 0.0, 0.0, 0.0, -1341, 6
2024-04-21 17:14:40.150750, 0.0, 0.0, 0.0, -1341, 6
2024-04-21 17:14:42.901389, 0.0, 0.0, 0.0, -1341, 6
2024-04-21 17:14:45.652103, 90.0, 0.0, 90.0, -1431, 6
2024-04-21 17:14:48.402834, 104.0, 4.0, 108.0, -1531, 8
2024-04-21 17:15:10.992427, 0.0, 0.0, 0.0, 0, 0
2024-04-21 17:15:13.743431, 0.0, 0.0, 0.0, 0, 0
2024-04-21 17:15:16.494487, 17.0, 28.0, 45.0, 11, 1
2024-04-21 17:15:19.245543, 76.0, 54.0, 130.0, -11, 3
2024-04-21 17:15:21.996576, 192.0, 64.0, 256.0, -139, 6
2024-04-21 17:15:24.747422, 106.0, 28.0, 134.0, -217, 6
2024-04-21 17:15:53.702082, 0.0, 0.0, 0.0, 0, 0
2024-04-21 17:15:56.453465, 0.0, 0.0, 0.0, 0, 0
2024-04-21 17:15:59.204329, 0.0, 0.0, 0.0, 0, 0
2024-04-21 17:16:01.955005, 174.0, 154.0, 328.0, -20, 18
2024-04-21 17:16:04.706177, 206.0, 40.0, 246.0, -186, 24
2024-04-21 17:16:07.456897, 180.0, 26.0, 206.0, -340, 24
2024-04-21 17:16:10.207643, 216.0, 54.0, 270.0, -502, 24
2024-04-21 17:16:12.958666, 218.0, 44.0, 262.0, -676, 27
2024-04-21 17:16:15.709655, 212.0, 10.0, 222.0, -878, 27
2024-04-21 17:16:18.460478, 166.0, 20.0, 186.0, -1024, 27
2024-04-21 17:16:21.212605, 129.0, 10.0, 139.0, -1143, 27
2024-04-21 17:16:23.963538, 223.0, 12.0, 235.0, -1354, 27
2024-04-21 17:16:26.714475, 187.0, 16.0, 203.0, -1525, 27
2024-04-21 17:16:29.465579, 156.0, 8.0, 164.0, -1673, 27
2024-04-21 17:16:32.217004, 46.0, 18.0, 64.0, -1702, 27
2024-04-21 17:24:45.631123, 0.0, 0.0, 0.0, 0, 0
2024-04-21 17:24:48.387722, 0.0, 0.0, 0.0, 0, 0
2024-04-21 17:24:51.138767, 0.0, 0.0, 0.0, 0, 0
2024-04-21 17:24:53.889616, 0.0, 0.0, 0.0, 0, 0
2024-04-21 17:24:56.640448, 70.0, 60.0, 130.0, -10, 0
2024-04-21 17:24:59.391349, 226.0, 44.0, 270.0, -192, 0
2024-04-21 17:25:02.142201, 226.0, 43.0, 269.0, -375, 0
2024-04-21 17:25:04.893151, 187.0, 35.0, 222.0, -527, 0
2024-04-21 17:25:07.644202, 213.0, 20.0, 233.0, -720, 0
2024-04-21 17:25:10.395115, 171.0, 12.0, 183.0, -879, 0
2024-04-21 17:25:13.146085, 162.0, 4.0, 166.0, -1037, 0
2024-04-21 17:25:15.897197, 150.0, 12.0, 162.0, -1175, 0
2024-04-21 17:25:18.648328, 192.0, 10.0, 202.0, -1357, 0
2024-04-21 17:25:21.399384, 236.0, 20.0, 256.0, -1573, 0
2024-04-21 17:25:24.150414, 185.0, 14.0, 199.0, -1744, 0
2024-04-21 17:25:26.901524, 110.0, 16.0, 126.0, -1838, 0
2024-04-21 17:25:29.657703, 10.0, 10.0, 20.0, -1838, 0
2024-04-21 17:25:32.408812, 4.0, 4.0, 8.0, -1838, 0
2024-04-21 17:25:35.159638, 0.0, 0.0, 0.0, -1838, 0
2024-04-21 17:25:37.910501, 0.0, 0.0, 0.0, -1838, 0
2024-04-21 17:25:40.661559, 0.0, 0.0, 0.0, -1838, 0
2024-04-21 17:25:43.412680, 0.0, 0.0, 0.0, -1838, 0
2024-04-21 17:25:46.163559, 2.0, 4.0, 6.0, -1836, 0
2024-04-21 17:25:48.914370, 2.0, 4.0, 6.0, -1834, 0
2024-04-21 17:45:00.363636, 0.0, 0.0, 0.0, 0, 0
2024-04-21 17:45:03.114784, 0.0, 0.0, 0.0, 0, 0
2024-04-21 17:45:05.865493, 7.0, 8.0, 15.0, 1, 0
2024-04-21 17:45:08.616153, 156.0, 96.0, 252.0, -59, 0
2024-04-21 17:45:11.367123, 199.0, 34.0, 233.0, -224, 0
2024-04-21 17:45:14.117942, 177.0, 40.0, 217.0, -361, 0
2024-04-21 17:45:16.868688, 188.0, 36.0, 224.0, -513, 0
2024-04-21 17:45:19.619659, 193.0, 30.0, 223.0, -676, 0
2024-04-21 17:45:22.370718, 206.0, 22.0, 228.0, -860, 0
2024-04-21 17:45:25.121587, 206.0, 12.0, 218.0, -1054, 0
2024-04-21 17:45:27.872178, 175.0, 10.0, 185.0, -1219, 0
2024-04-21 17:45:30.622848, 179.0, 18.0, 197.0, -1380, 0
2024-04-21 17:45:33.373712, 186.0, 8.0, 194.0, -1558, 0
2024-04-21 17:45:36.124463, 190.0, 22.0, 212.0, -1726, 0
2024-04-21 17:45:38.875061, 37.0, 8.0, 45.0, -1755, 0
2024-04-21 17:45:41.625838, 6.0, 6.0, 12.0, -1755, 0
2024-04-21 17:45:44.376692, 4.0, 4.0, 8.0, -1755, 0
2024-04-21 17:45:47.127513, 0.0, 0.0, 0.0, -1755, 0
2024-04-21 17:45:49.878402, 0.0, 0.0, 0.0, -1755, 0
2024-04-21 17:45:52.629263, 0.0, 0.0, 0.0, -1755, 0
2024-04-21 17:45:55.380162, 0.0, 0.0, 0.0, -1755, 0
2024-04-21 17:45:58.131028, 0.0, 0.0, 0.0, -1755, 0
2024-04-21 17:59:39.644174, 0.0, 0.0, 0.0, 0, 0
2024-04-21 17:59:42.395100, 0.0, 0.0, 0.0, 0, 0
2024-04-21 17:59:45.145909, 104.0, 102.0, 206.0, -2, 14
2024-04-21 17:59:47.896737, 174.0, 90.0, 264.0, -86, 37
2024-04-21 17:59:50.647565, 163.0, 30.0, 193.0, -219, 41
2024-04-21 17:59:53.398498, 238.0, 50.0, 288.0, -407, 41
2024-04-21 17:59:56.152072, 200.0, 16.0, 216.0, -591, 41
2024-04-21 17:59:58.902915, 148.0, 12.0, 160.0, -727, 41
2024-04-21 18:00:01.654552, 153.0, 8.0, 161.0, -872, 41
2024-04-21 18:00:04.405100, 200.0, 2.0, 202.0, -1070, 41
2024-04-21 18:00:07.155753, 191.0, 6.0, 197.0, -1255, 41
2024-04-21 18:00:09.906496, 176.0, 8.0, 184.0, -1423, 41
2024-04-21 18:00:12.657464, 147.0, 8.0, 155.0, -1562, 41
2024-04-21 18:00:15.408624, 138.0, 8.0, 146.0, -1692, 41
2024-04-21 18:00:18.159698, 13.0, 18.0, 31.0, -1687, 43
2024-04-21 18:00:20.910594, 6.0, 6.0, 12.0, -1687, 43
2024-04-21 18:00:23.661334, 0.0, 0.0, 0.0, -1687, 43
2024-04-21 18:00:26.411815, 0.0, 0.0, 0.0, -1687, 43
2024-04-21 18:00:29.162533, 0.0, 0.0, 0.0, -1687, 43
2024-04-21 18:00:31.913315, 0.0, 0.0, 0.0, -1687, 43
2024-04-21 18:00:34.664125, 0.0, 0.0, 0.0, -1687, 43
2024-04-21 18:00:37.415033, 0.0, 0.0, 0.0, -1687, 43
2024-04-21 18:00:40.165920, 0.0, 0.0, 0.0, -1687, 43
2024-04-21 18:00:42.916634, 0.0, 0.0, 0.0, -1687, 43
2024-04-21 18:00:45.667294, 73.0, 0.0, 73.0, -1760, 43
2024-04-21 18:00:48.418052, 158.0, 0.0, 158.0, -1918, 43
2024-04-21 18:00:51.168784, 262.0, 74.0, 336.0, -2106, 43
2024-04-21 18:00:53.919356, 193.0, 44.0, 237.0, -2255, 45
2024-04-21 18:00:56.670017, 151.0, 26.0, 177.0, -2380, 45
2024-04-21 18:00:59.420931, 199.0, 10.0, 209.0, -2569, 45
2024-04-21 18:01:02.171638, 191.0, 12.0, 203.0, -2748, 45
2024-04-21 18:01:04.922765, 186.0, 4.0, 190.0, -2930, 45
2024-04-21 18:01:07.673700, 177.0, 0.0, 177.0, -3107, 45
2024-04-21 18:01:10.424441, 202.0, 2.0, 204.0, -3307, 45
2024-04-21 18:01:13.176890, 181.0, 4.0, 185.0, -3484, 45
2024-04-21 18:01:15.927888, 61.0, 14.0, 75.0, -3531, 45
2024-04-21 18:01:18.678574, 26.0, 26.0, 52.0, -3531, 45
2024-04-21 18:01:21.429301, 0.0, 0.0, 0.0, -3531, 45
2024-04-21 18:01:24.179994, 0.0, 0.0, 0.0, -3531, 45
2024-04-21 18:01:26.930398, 0.0, 0.0, 0.0, -3531, 45
2024-04-21 18:01:29.681061, 0.0, 0.0, 0.0, -3531, 45
2024-04-21 18:01:32.431817, 0.0, 4.0, 4.0, -3527, 47
2024-04-21 18:01:35.182573, 0.0, 0.0, 0.0, -3527, 47
2024-04-21 18:01:37.933394, 0.0, 0.0, 0.0, -3527, 47
2024-04-21 18:01:40.684225, 0.0, 0.0, 0.0, -3527, 47
2024-04-21 18:01:43.434884, 0.0, 0.0, 0.0, -3527, 47
2024-04-21 18:01:46.185531, 175.0, 0.0, 175.0, -3702, 47
2024-04-21 18:01:48.936025, 151.0, 6.0, 157.0, -3847, 47
2024-04-21 18:01:51.686667, 235.0, 60.0, 295.0, -4022, 47
2024-04-21 18:01:54.437509, 252.0, 60.0, 312.0, -4214, 47
2024-04-21 18:01:57.188399, 190.0, 12.0, 202.0, -4392, 47
2024-04-21 18:01:59.939064, 158.0, 12.0, 170.0, -4538, 47
2024-04-21 18:02:02.689587, 185.0, 4.0, 189.0, -4719, 47
2024-04-21 18:02:05.440308, 202.0, 10.0, 212.0, -4911, 47
2024-04-21 18:02:08.190913, 180.0, 8.0, 188.0, -5083, 47
2024-04-21 18:02:10.941388, 133.0, 2.0, 135.0, -5214, 47
2024-04-21 18:02:13.691879, 173.0, 16.0, 189.0, -5371, 49
2024-04-21 18:02:16.442444, 80.0, 20.0, 100.0, -5431, 49
2024-04-21 18:02:19.193091, 10.0, 10.0, 20.0, -5431, 49
2024-04-21 18:02:21.943980, 0.0, 0.0, 0.0, -5431, 49
2024-04-21 18:02:24.694537, 0.0, 0.0, 0.0, -5431, 49
2024-04-21 18:02:27.445085, 0.0, 0.0, 0.0, -5431, 49
2024-04-21 18:02:30.195598, 0.0, 0.0, 0.0, -5431, 49
2024-04-21 18:02:32.946400, 0.0, 0.0, 0.0, -5431, 49
2024-04-21 18:02:35.697226, 0.0, 0.0, 0.0, -5431, 49
2024-04-21 18:02:38.447890, 0.0, 0.0, 0.0, -5431, 49
2024-04-21 18:02:41.198571, 0.0, 0.0, 0.0, -5431, 49
2024-04-21 18:02:43.949347, 5.0, 0.0, 5.0, -5436, 49
2024-04-21 18:02:46.699989, 155.0, 0.0, 155.0, -5591, 49
2024-04-21 18:02:49.450775, 189.0, 24.0, 213.0, -5756, 49
2024-04-21 18:02:52.201449, 240.0, 60.0, 300.0, -5936, 51
2024-04-21 18:02:54.951976, 197.0, 42.0, 239.0, -6091, 51
2024-04-21 18:02:57.702525, 211.0, 12.0, 223.0, -6290, 51
2024-04-22 14:47:07.958661, 0.0, 0.0, 0.0, 0, 0
2024-04-22 14:47:10.714526, 0.0, 0.0, 0.0, 0, 0
2024-04-22 14:47:13.465378, 0.0, 0.0, 0.0, 0, 0
2024-04-22 14:47:16.216241, 0.0, 0.0, 0.0, 0, 0
2024-04-22 14:47:18.966938, 0.0, 0.0, 0.0, 0, 0
2024-04-22 14:47:21.717784, 0.0, 0.0, 0.0, 0, 0
2024-04-22 14:47:24.468575, 0.0, 0.0, 0.0, 0, 0
2024-04-22 14:47:27.219308, 0.0, 0.0, 0.0, 0, 0
2024-04-22 14:47:29.970163, 0.0, 0.0, 0.0, 0, 0
2024-04-22 14:47:32.720939, 0.0, 0.0, 0.0, 0, 0
2024-04-22 14:47:35.471744, 0.0, 0.0, 0.0, 0, 0
2024-04-22 14:47:38.222403, 0.0, 0.0, 0.0, 0, 0
2024-04-22 14:47:40.973157, 29.0, 50.0, 79.0, 21, 0
2024-04-22 14:47:43.723568, 182.0, 68.0, 250.0, -93, 0
2024-04-22 14:47:46.474234, 205.0, 56.0, 261.0, -242, 0
2024-04-22 14:47:49.224972, 218.0, 52.0, 270.0, -408, 0
2024-04-22 14:47:51.975855, 183.0, 26.0, 209.0, -565, 0
2024-04-22 14:47:54.726803, 149.0, 12.0, 161.0, -702, 0
2024-04-22 14:47:57.477418, 170.0, 14.0, 184.0, -858, 0
2024-04-22 14:48:00.228083, 195.0, 16.0, 211.0, -1037, 0
2024-04-22 14:48:02.978521, 175.0, 8.0, 183.0, -1204, 0
2024-04-22 14:48:05.729156, 166.0, 6.0, 172.0, -1364, 0
2024-04-22 14:48:08.480057, 169.0, 14.0, 183.0, -1519, 0
2024-04-22 14:48:11.230927, 148.0, 26.0, 174.0, -1641, 0
2024-04-22 14:48:13.981730, 41.0, 24.0, 65.0, -1658, 0
2024-04-22 14:48:16.732450, 12.0, 12.0, 24.0, -1658, 0
2024-04-22 14:48:19.483335, 10.0, 10.0, 20.0, -1658, 0
2024-04-22 14:48:22.234098, 0.0, 0.0, 0.0, -1658, 0
2024-04-22 14:48:24.984946, 0.0, 0.0, 0.0, -1658, 0
2024-04-22 14:48:27.735841, 0.0, 0.0, 0.0, -1658, 0
2024-04-22 14:48:30.486695, 0.0, 0.0, 0.0, -1658, 0
2024-04-22 14:48:33.237528, 0.0, 0.0, 0.0, -1658, 0
2024-04-22 14:48:35.988258, 0.0, 0.0, 0.0, -1658, 0
2024-04-22 14:48:38.739113, 0.0, 0.0, 0.0, -1658, 0
2024-04-22 14:48:41.489909, 27.0, 0.0, 27.0, -1685, 0
2024-04-22 14:48:44.240773, 157.0, 0.0, 157.0, -1842, 0
2024-04-22 14:48:46.991434, 231.0, 44.0, 275.0, -2029, 0
2024-04-22 14:48:49.742083, 229.0, 70.0, 299.0, -2188, 0
2024-04-22 14:48:52.492815, 227.0, 46.0, 273.0, -2369, 0
2024-04-22 14:48:55.243750, 179.0, 10.0, 189.0, -2538, 0
2024-04-22 14:48:57.994332, 187.0, 6.0, 193.0, -2719, 0
2024-04-22 14:49:00.745725, 140.0, 2.0, 142.0, -2857, 0
2024-04-22 14:49:03.496441, 185.0, 16.0, 201.0, -3026, 0
2024-04-22 14:49:06.247282, 160.0, 2.0, 162.0, -3184, 0
2024-04-22 14:49:08.998180, 203.0, 12.0, 215.0, -3375, 0
2024-04-22 14:49:11.748956, 134.0, 26.0, 160.0, -3483, 0
2024-04-22 14:49:14.499803, 36.0, 20.0, 56.0, -3499, 0
2024-04-22 14:49:17.250555, 12.0, 12.0, 24.0, -3499, 0
2024-04-22 14:49:20.001404, 6.0, 6.0, 12.0, -3499, 0
2024-04-22 14:49:22.752495, 0.0, 0.0, 0.0, -3499, 0
2024-04-22 14:49:25.503329, 0.0, 0.0, 0.0, -3499, 0
2024-04-22 14:49:28.254194, 0.0, 0.0, 0.0, -3499, 0
2024-04-22 14:49:31.004993, 0.0, 0.0, 0.0, -3499, 0
2024-04-22 14:55:30.869142, 0.0, 0.0, 0.0, 0, 0
2024-04-22 14:55:33.620275, 0.0, 0.0, 0.0, 0, 0
2024-04-22 14:55:36.371092, 0.0, 0.0, 0.0, 0, 0
2024-04-22 14:55:39.121698, 83.0, 134.0, 217.0, 51, 0
2024-04-22 14:55:41.872520, 143.0, 62.0, 205.0, -30, 0
2024-04-22 14:55:44.623612, 214.0, 30.0, 244.0, -214, 0
2024-04-22 14:55:47.374607, 255.0, 52.0, 307.0, -417, 0
2024-04-22 14:55:50.125373, 221.0, 24.0, 245.0, -614, 0
2024-04-22 14:55:52.876073, 203.0, 42.0, 245.0, -775, 0
2024-04-22 14:55:55.626829, 194.0, 12.0, 206.0, -957, 0
2024-04-22 14:55:58.377637, 201.0, 20.0, 221.0, -1138, 0
2024-04-22 14:56:01.128402, 151.0, 4.0, 155.0, -1285, 0
2024-04-22 14:56:03.879083, 150.0, 16.0, 166.0, -1419, 0
2024-04-22 14:56:06.629867, 199.0, 16.0, 215.0, -1602, 0
2024-04-22 14:56:09.380653, 127.0, 6.0, 133.0, -1723, 0
2024-04-22 14:56:12.131354, 18.0, 18.0, 36.0, -1723, 0
2024-04-22 14:56:14.882220, 2.0, 2.0, 4.0, -1723, 0
2024-04-22 14:56:17.632973, 0.0, 0.0, 0.0, -1723, 0
2024-04-22 14:56:20.383850, 0.0, 0.0, 0.0, -1723, 0
2024-04-22 14:56:23.134667, 0.0, 0.0, 0.0, -1723, 0
2024-04-22 14:56:25.885414, 0.0, 0.0, 0.0, -1723, 0
2024-04-22 14:56:28.636246, 0.0, 0.0, 0.0, -1723, 0
2024-04-22 14:56:31.387041, 0.0, 0.0, 0.0, -1723, 0
2024-04-22 14:56:34.137867, 0.0, 0.0, 0.0, -1723, 0
2024-04-22 14:56:36.888614, 0.0, 0.0, 0.0, -1723, 0
2024-04-22 14:56:39.639468, 81.0, 0.0, 81.0, -1804, 0
2024-04-22 14:56:42.390199, 222.0, 0.0, 222.0, -2026, 0
2024-04-22 14:56:45.140930, 232.0, 58.0, 290.0, -2200, 0
2024-04-22 14:56:47.891463, 184.0, 56.0, 240.0, -2328, 0
2024-04-22 14:56:50.642296, 222.0, 26.0, 248.0, -2524, 0
2024-04-22 14:56:53.392917, 206.0, 20.0, 226.0, -2710, 0
2024-04-22 14:56:56.144158, 151.0, 12.0, 163.0, -2849, 0
2024-04-22 14:56:58.895452, 179.0, 26.0, 205.0, -3002, 0
2024-04-22 14:57:01.646233, 198.0, 0.0, 198.0, -3200, 0
2024-04-22 14:57:04.396978, 230.0, 16.0, 246.0, -3414, 0
2024-04-22 14:57:07.147815, 139.0, 10.0, 149.0, -3543, 0
2024-04-22 14:57:09.898557, 96.0, 30.0, 126.0, -3609, 0
2024-04-22 14:57:12.649240, 18.0, 18.0, 36.0, -3609, 0
2024-04-22 14:57:15.400107, 0.0, 0.0, 0.0, -3609, 0
2024-04-22 14:57:18.150721, 0.0, 0.0, 0.0, -3609, 0
2024-04-22 14:57:20.901575, 0.0, 0.0, 0.0, -3609, 0
2024-04-22 14:57:23.652418, 0.0, 0.0, 0.0, -3609, 0
2024-04-22 14:57:26.403153, 0.0, 0.0, 0.0, -3609, 0
2024-04-22 14:57:29.153892, 0.0, 0.0, 0.0, -3609, 0
2024-04-22 14:57:31.904579, 0.0, 0.0, 0.0, -3609, 0
2024-04-22 14:57:34.655449, 0.0, 0.0, 0.0, -3609, 0
2024-04-22 14:57:37.406185, 0.0, 4.0, 4.0, -3605, 0
2024-04-22 14:57:40.159213, 103.0, 0.0, 103.0, -3708, 0
2024-04-22 14:57:42.909882, 131.0, 0.0, 131.0, -3839, 0
2024-04-22 14:57:45.660667, 267.0, 80.0, 347.0, -4026, 0
2024-04-22 14:57:48.411319, 232.0, 52.0, 284.0, -4206, 0
2024-04-22 15:03:51.413725,0.0, 0.0, 0.0, 0, 0
2024-04-22 15:03:54.165030,0.0, 0.0, 0.0, 0, 0
2024-04-22 15:03:56.916000,45.0, 128.0, 173.0, 83, 0
2024-04-22 15:03:59.666817,201.0, 58.0, 259.0, -60, 0
2024-04-22 15:04:02.417780,180.0, 18.0, 198.0, -222, 0
2024-04-22 15:04:05.168682,240.0, 50.0, 290.0, -412, 0
2024-04-22 15:04:07.919727,229.0, 20.0, 249.0, -621, 0
2024-04-22 15:04:10.670583,208.0, 12.0, 220.0, -817, 0
2024-04-22 15:04:13.421090,151.0, 4.0, 155.0, -964, 0
2024-04-22 15:04:16.172013,170.0, 6.0, 176.0, -1128, 0
2024-04-22 15:04:18.923004,204.0, 8.0, 212.0, -1324, 0
2024-04-22 15:04:21.673895,214.0, 12.0, 226.0, -1526, 0
2024-04-22 15:04:24.424858,194.0, 10.0, 204.0, -1710, 0
2024-04-22 15:04:27.175634,143.0, 28.0, 171.0, -1825, 0
2024-04-22 15:04:29.926458,26.0, 12.0, 38.0, -1839, 0
2024-04-22 15:04:32.677355,6.0, 6.0, 12.0, -1839, 0
2024-04-22 15:04:35.428287,8.0, 8.0, 16.0, -1839, 0
2024-04-22 15:04:38.179164,0.0, 0.0, 0.0, -1839, 0
2024-04-22 15:04:40.929952,0.0, 0.0, 0.0, -1839, 0
2024-04-22 15:04:43.680743,0.0, 0.0, 0.0, -1839, 0
2024-04-22 15:04:46.431666,0.0, 0.0, 0.0, -1839, 0
2024-04-22 15:04:49.182505,0.0, 0.0, 0.0, -1839, 0
2024-04-22 15:04:51.933353,0.0, 0.0, 0.0, -1839, 0
2024-04-22 15:04:54.684220,0.0, 0.0, 0.0, -1839, 0
2024-04-22 15:04:57.434995,43.0, 0.0, 43.0, -1882, 0
2024-04-22 15:05:00.186973,155.0, 0.0, 155.0, -2040, 0
2024-04-22 15:05:02.937605,261.0, 60.0, 321.0, -2241, 0
2024-04-22 15:05:05.688353,236.0, 62.0, 298.0, -2415, 0
2024-04-22 15:05:08.439067,160.0, 16.0, 176.0, -2559, 0
2024-04-22 15:05:11.189691,163.0, 14.0, 177.0, -2708, 0
2024-04-22 15:05:13.940410,206.0, 10.0, 216.0, -2904, 0
2024-04-22 15:05:16.691036,225.0, 16.0, 241.0, -3113, 0
2024-04-22 15:05:19.441638,162.0, 4.0, 166.0, -3271, 0
2024-04-22 15:05:22.193111,181.0, 8.0, 189.0, -3444, 0
2024-04-22 15:05:24.944001,187.0, 6.0, 193.0, -3625, 0
2024-04-22 15:05:27.694691,150.0, 8.0, 158.0, -3767, 0
2024-04-22 15:05:30.445241,8.0, 8.0, 16.0, -3767, 0
2024-04-22 15:05:33.195846,12.0, 14.0, 26.0, -3765, 0
2024-04-22 15:05:35.946682,4.0, 4.0, 8.0, -3765, 0
2024-04-22 15:05:38.697579,0.0, 0.0, 0.0, -3765, 0
2024-04-22 15:10:07.047568,0.0, 0.0, 0.0, 0, 0
2024-04-22 15:10:09.798941,0.0, 0.0, 0.0, 0, 0
2024-04-22 15:10:12.550389,0.0, 0.0, 0.0, 0, 0
2024-04-22 15:10:15.301487,0.0, 0.0, 0.0, 0, 0
2024-04-22 15:10:18.052522,0.0, 0.0, 0.0, 0, 0
2024-04-22 15:10:20.804685,0.0, 0.0, 0.0, 0, 0
2024-04-22 15:10:23.555482,0.0, 0.0, 0.0, 0, 0
2024-04-22 15:10:26.306155,0.0, 0.0, 0.0, 0, 0
2024-04-22 15:10:29.057176,0.0, 0.0, 0.0, 0, 0
2024-04-22 15:10:31.808590,0.0, 0.0, 0.0, 0, 0
2024-04-22 15:10:34.559738,0.0, 0.0, 0.0, 0, 0
2024-04-22 15:10:37.310641,0.0, 0.0, 0.0, 0, 0
2024-04-22 15:10:40.061689,0.0, 0.0, 0.0, 0, 0
2024-04-22 15:10:42.812682,0.0, 0.0, 0.0, 0, 0
2024-04-22 15:10:45.563690,0.0, 0.0, 0.0, 0, 0
2024-04-22 15:10:48.314685,0.0, 0.0, 0.0, 0, 0
2024-04-22 15:10:51.065832,0.0, 0.0, 0.0, 0, 0
2024-04-22 15:10:53.816876,0.0, 0.0, 0.0, 0, 0
2024-04-22 15:10:56.568063,0.0, 0.0, 0.0, 0, 0
2024-04-22 15:10:59.320125,0.0, 0.0, 0.0, 0, 0
2024-04-22 15:11:02.071384,75.0, 56.0, 131.0, -19, 2
2024-04-22 15:11:04.822091,150.0, 42.0, 192.0, -127, 3
2024-04-22 15:11:07.572893,136.0, 20.0, 156.0, -243, 4
2024-04-22 15:11:10.323962,112.0, 8.0, 120.0, -347, 4
2024-04-22 15:11:13.074939,99.0, 12.0, 111.0, -434, 4
2024-04-22 15:11:15.825865,118.0, 12.0, 130.0, -540, 4
2024-04-22 15:18:09.455284,0.0, 0.0, 0.0, 0, 0
2024-04-22 15:18:12.206477,0.0, 0.0, 0.0, 0, 0
2024-04-22 15:18:14.957370,0.0, 0.0, 0.0, 0, 0
2024-04-22 15:18:17.708491,0.0, 0.0, 0.0, 0, 0
2024-04-22 15:18:20.459507,0.0, 0.0, 0.0, 0, 0
2024-04-22 15:18:23.210324,47.0, 118.0, 165.0, 71, 3
2024-04-22 15:18:25.961242,187.0, 66.0, 253.0, -50, 5
2024-04-22 15:18:28.711970,196.0, 32.0, 228.0, -214, 6
2024-04-22 15:18:31.462441,197.0, 40.0, 237.0, -371, 6
2024-04-22 15:18:34.213369,225.0, 40.0, 265.0, -556, 6
2024-04-22 15:18:36.964249,224.0, 14.0, 238.0, -766, 6
2024-04-22 15:18:39.715051,177.0, 12.0, 189.0, -931, 6
2024-04-22 15:18:42.465810,126.0, 14.0, 140.0, -1043, 6
2024-04-22 15:18:45.216664,203.0, 12.0, 215.0, -1234, 6
2024-04-22 15:18:47.967596,196.0, 14.0, 210.0, -1416, 6
2024-04-22 15:18:50.718405,163.0, 18.0, 181.0, -1561, 6
2024-04-22 15:18:53.468784,144.0, 16.0, 160.0, -1689, 6
2024-04-22 15:18:56.219541,51.0, 32.0, 83.0, -1708, 6
2024-04-22 15:18:58.970444,8.0, 8.0, 16.0, -1708, 6
2024-04-22 15:19:01.721459,8.0, 8.0, 16.0, -1708, 6
2024-04-22 15:19:04.472615,0.0, 0.0, 0.0, -1708, 6
2024-04-22 15:19:07.223530,0.0, 0.0, 0.0, -1708, 6
2024-04-22 15:19:09.974195,0.0, 0.0, 0.0, -1708, 6
2024-04-22 15:19:12.726747,0.0, 0.0, 0.0, -1708, 6
2024-04-22 15:19:15.477827,0.0, 0.0, 0.0, -1708, 6
2024-04-22 15:19:18.228672,0.0, 0.0, 0.0, -1708, 6
2024-04-22 15:19:20.979902,4.0, 4.0, 8.0, -1708, 6
2024-04-22 15:19:23.730627,46.0, 0.0, 46.0, -1754, 6
2024-04-22 15:19:26.481183,160.0, 2.0, 162.0, -1912, 6
2024-04-22 15:19:29.231924,265.0, 52.0, 317.0, -2125, 6
2024-04-22 15:19:31.982824,252.0, 60.0, 312.0, -2317, 6
2024-04-22 15:19:34.733714,193.0, 30.0, 223.0, -2480, 6
2024-04-22 15:19:37.484528,175.0, 20.0, 195.0, -2635, 6
2024-04-22 15:19:40.235216,197.0, 12.0, 209.0, -2820, 6
2024-04-22 15:19:42.985838,187.0, 10.0, 197.0, -2997, 6
2024-04-22 15:19:45.736300,182.0, 16.0, 198.0, -3163, 6
2024-04-22 15:19:48.486967,170.0, 14.0, 184.0, -3319, 6
2024-04-22 15:19:51.238036,203.0, 24.0, 227.0, -3498, 6
2024-04-22 15:19:53.989017,123.0, 20.0, 143.0, -3601, 6
2024-04-22 15:19:56.739853,34.0, 34.0, 68.0, -3601, 6
2024-04-22 15:19:59.490410,14.0, 14.0, 28.0, -3601, 6
2024-04-22 15:20:02.241204,2.0, 2.0, 4.0, -3601, 6
2024-04-22 15:20:04.992164,2.0, 2.0, 4.0, -3601, 6
2024-04-22 15:20:07.743197,0.0, 0.0, 0.0, -3601, 6
2024-04-22 15:20:10.494360,0.0, 0.0, 0.0, -3601, 6
2024-04-22 15:20:13.245418,2.0, 2.0, 4.0, -3601, 6
2024-04-22 15:20:15.996523,5.0, 6.0, 11.0, -3600, 7
2024-04-22 15:20:18.747360,6.0, 6.0, 12.0, -3600, 7
2024-04-22 15:20:21.497880,2.0, 2.0, 4.0, -3600, 7
2024-04-22 15:20:24.248531,105.0, 8.0, 113.0, -3697, 7
2024-04-22 15:20:26.998900,187.0, 0.0, 187.0, -3884, 7
2024-04-22 15:20:29.749500,219.0, 76.0, 295.0, -4027, 8
2024-04-22 15:20:32.500507,202.0, 48.0, 250.0, -4181, 8
2024-04-22 15:20:35.251463,211.0, 26.0, 237.0, -4366, 8
2024-04-22 15:20:38.002389,206.0, 18.0, 224.0, -4554, 8
2024-04-22 15:20:40.753052,174.0, 14.0, 188.0, -4714, 8
2024-04-22 15:20:43.503768,182.0, 14.0, 196.0, -4882, 8
2024-04-22 15:20:46.254537,204.0, 8.0, 212.0, -5078, 8
2024-04-22 15:20:49.005307,197.0, 16.0, 213.0, -5259, 8
2024-04-22 15:20:51.756199,172.0, 8.0, 180.0, -5423, 8
2024-04-22 15:20:54.507116,128.0, 12.0, 140.0, -5540, 8
2024-04-22 15:20:57.257891,14.0, 14.0, 28.0, -5540, 8
2024-04-22 15:21:00.008630,4.0, 4.0, 8.0, -5540, 8
2024-04-22 15:21:02.759417,2.0, 2.0, 4.0, -5540, 8
2024-04-22 15:21:05.510405,0.0, 0.0, 0.0, -5540, 8
2024-04-22 15:21:08.261282,6.0, 6.0, 12.0, -5540, 8
2024-04-22 15:21:11.012087,0.0, 0.0, 0.0, -5540, 8
2024-04-22 15:21:13.763160,4.0, 4.0, 8.0, -5540, 8
2024-04-22 15:21:16.513909,2.0, 2.0, 4.0, -5540, 8
2024-04-22 15:21:19.264862,6.0, 8.0, 14.0, -5538, 9
2024-04-22 15:21:22.015793,0.0, 0.0, 0.0, -5538, 9
2024-04-22 15:21:24.767567,109.0, 6.0, 115.0, -5641, 10
2024-04-22 15:21:27.518793,182.0, 0.0, 182.0, -5824, 10
2024-04-22 15:21:30.269479,219.0, 68.0, 287.0, -5975, 10
2024-04-22 15:21:33.020331,220.0, 40.0, 260.0, -6155, 10
2024-04-22 15:21:35.771970,149.0, 28.0, 177.0, -6276, 10
2024-04-22 15:21:38.523239,201.0, 24.0, 225.0, -6453, 10
2024-04-22 15:21:41.274061,191.0, 14.0, 205.0, -6630, 10
2024-04-22 15:21:44.024794,200.0, 0.0, 200.0, -6830, 10
2024-04-22 15:21:46.775594,154.0, 12.0, 166.0, -6972, 10
2024-04-22 15:21:49.526161,209.0, 22.0, 231.0, -7159, 10
2024-04-22 15:21:52.276807,216.0, 20.0, 236.0, -7355, 10
2024-04-22 15:21:55.027439,97.0, 30.0, 127.0, -7422, 10
2024-04-22 15:21:57.777869,28.0, 28.0, 56.0, -7422, 10
2024-04-22 15:22:00.528707,2.0, 2.0, 4.0, -7422, 10
2024-04-22 15:22:03.279363,0.0, 0.0, 0.0, -7422, 10
2024-04-22 15:22:06.030186,0.0, 0.0, 0.0, -7422, 10
2024-04-22 15:22:08.780796,0.0, 0.0, 0.0, -7422, 10
2024-04-22 15:22:11.532031,0.0, 0.0, 0.0, -7422, 10
2024-04-22 15:22:14.283584,4.0, 4.0, 8.0, -7422, 10
2024-04-22 15:22:17.034493,1.0, 2.0, 3.0, -7421, 10
2024-04-22 15:22:19.785487,0.0, 0.0, 0.0, -7421, 10
2024-04-22 15:22:22.536335,10.0, 10.0, 20.0, -7421, 10
2024-04-22 15:22:25.287048,170.0, 0.0, 170.0, -7591, 10
2024-04-22 15:22:28.037541,212.0, 28.0, 240.0, -7775, 10
2024-04-22 15:22:30.788176,195.0, 42.0, 237.0, -7928, 11
2024-04-22 15:22:33.538823,242.0, 60.0, 302.0, -8110, 11
2024-04-22 15:22:36.289679,215.0, 14.0, 229.0, -8311, 11
2024-04-22 15:22:39.040432,179.0, 14.0, 193.0, -8476, 11
2024-04-22 15:22:41.790858,139.0, 6.0, 145.0, -8609, 11
2024-04-22 15:22:44.541539,205.0, 28.0, 233.0, -8786, 11
2024-04-22 15:22:47.292453,193.0, 14.0, 207.0, -8965, 12
2024-04-22 15:22:50.043048,191.0, 16.0, 207.0, -9140, 13
2024-04-22 15:22:52.793985,159.0, 16.0, 175.0, -9285, 13
2024-04-22 15:22:55.545136,92.0, 18.0, 110.0, -9359, 13
2024-04-22 15:22:58.296415,24.0, 24.0, 48.0, -9359, 13
2024-04-22 15:23:01.047120,5.0, 6.0, 11.0, -9358, 13
2024-04-22 15:23:03.798026,2.0, 2.0, 4.0, -9358, 13
2024-04-22 15:23:06.548830,2.0, 2.0, 4.0, -9358, 13
2024-04-22 15:23:09.299311,0.0, 0.0, 0.0, -9358, 13
2024-04-22 15:23:12.049994,4.0, 4.0, 8.0, -9358, 13
2024-04-22 15:23:14.801130,2.0, 2.0, 4.0, -9358, 13
2024-04-22 15:23:17.552023,0.0, 0.0, 0.0, -9358, 13
2024-04-22 15:23:20.303058,4.0, 4.0, 8.0, -9358, 13
2024-04-22 15:23:23.053865,26.0, 0.0, 26.0, -9384, 13
2024-04-22 15:23:25.804744,129.0, 0.0, 129.0, -9513, 13
2024-04-22 15:23:28.555590,211.0, 32.0, 243.0, -9692, 13
2024-04-22 15:23:31.306094,256.0, 74.0, 330.0, -9874, 13
2024-04-22 15:23:34.056638,208.0, 30.0, 238.0, -10052, 15
2024-04-22 15:23:36.807491,141.0, 10.0, 151.0, -10183, 15
2024-04-22 15:23:39.558749,191.0, 6.0, 197.0, -10368, 15
2024-04-22 15:23:42.309926,225.0, 10.0, 235.0, -10583, 15
2024-04-22 15:23:45.060689,175.0, 10.0, 185.0, -10748, 15
2024-04-22 15:23:47.811573,165.0, 16.0, 181.0, -10897, 15
2024-04-22 15:23:50.562352,202.0, 26.0, 228.0, -11073, 15
2024-04-22 15:23:53.313066,202.0, 40.0, 242.0, -11235, 15
2024-04-22 15:23:56.064475,52.0, 26.0, 78.0, -11264, 15
2024-04-22 15:23:58.816015,6.0, 18.0, 24.0, -11256, 15
2024-04-22 15:24:01.567277,5.0, 6.0, 11.0, -11255, 16
2024-04-22 15:24:04.318493,2.0, 2.0, 4.0, -11255, 16
2024-04-22 15:24:07.069531,2.0, 2.0, 4.0, -11255, 17
2024-04-22 15:24:09.820523,0.0, 0.0, 0.0, -11255, 17
2024-04-22 15:24:12.571241,0.0, 0.0, 0.0, -11255, 17
2024-04-22 15:24:15.321812,2.0, 2.0, 4.0, -11255, 17
2024-04-22 15:24:18.072724,0.0, 0.0, 0.0, -11255, 17
2024-04-22 15:24:20.823865,7.0, 6.0, 13.0, -11256, 17
2024-04-22 15:24:23.575173,27.0, 2.0, 29.0, -11281, 17
2024-04-22 15:24:26.326387,194.0, 4.0, 198.0, -11471, 17
2024-04-22 15:24:29.077361,217.0, 34.0, 251.0, -11654, 17
2024-04-22 15:24:31.828158,230.0, 86.0, 316.0, -11798, 17
2024-04-22 15:24:34.578666,212.0, 28.0, 240.0, -11982, 17
2024-04-22 15:24:37.329266,201.0, 14.0, 215.0, -12169, 18
2024-04-22 15:24:40.080188,175.0, 12.0, 187.0, -12332, 19
2024-04-22 15:24:42.831116,148.0, 10.0, 158.0, -12470, 19
2024-04-22 15:24:45.582230,196.0, 18.0, 214.0, -12648, 19
2024-04-22 15:24:48.333448,191.0, 20.0, 211.0, -12819, 19
2024-04-22 15:24:51.084378,188.0, 6.0, 194.0, -13001, 19
2024-04-22 15:24:53.835044,152.0, 20.0, 172.0, -13133, 19
2024-04-22 15:24:56.585468,44.0, 26.0, 70.0, -13151, 19
2024-04-22 15:24:59.336276,6.0, 6.0, 12.0, -13151, 19
2024-04-22 15:25:02.087504,0.0, 0.0, 0.0, -13151, 19
2024-04-22 15:25:04.838598,0.0, 0.0, 0.0, -13151, 19
2024-04-22 15:25:07.589491,4.0, 4.0, 8.0, -13151, 19
2024-04-22 15:25:10.340233,8.0, 8.0, 16.0, -13151, 19
2024-04-22 15:25:13.091343,0.0, 0.0, 0.0, -13151, 19
2024-04-22 15:25:15.842320,4.0, 4.0, 8.0, -13151, 19
2024-04-22 15:25:18.593250,0.0, 0.0, 0.0, -13151, 19
2024-04-22 15:25:21.344597,0.0, 0.0, 0.0, -13151, 19
2024-04-22 15:25:24.095702,55.0, 4.0, 59.0, -13202, 19
2024-04-22 15:25:26.846864,90.0, 2.0, 92.0, -13290, 19
2024-04-22 15:25:29.597818,134.0, 48.0, 182.0, -13376, 19
2024-04-22 15:25:32.348752,145.0, 40.0, 185.0, -13481, 19
2024-04-22 15:25:35.099961,126.0, 8.0, 134.0, -13599, 19
2024-04-22 15:25:37.850569,78.0, 12.0, 90.0, -13665, 19
2024-04-22 15:25:40.601749,154.0, 16.0, 170.0, -13803, 19
2024-04-22 15:25:43.352794,133.0, 8.0, 141.0, -13928, 19
2024-04-22 15:25:46.103930,103.0, 0.0, 103.0, -14031, 19
2024-04-22 15:25:48.854992,81.0, 12.0, 93.0, -14100, 19
2024-04-22 15:25:51.606058,112.0, 16.0, 128.0, -14196, 19
2024-04-22 15:25:54.356865,88.0, 14.0, 102.0, -14270, 19
2024-04-22 15:25:57.107438,10.0, 10.0, 20.0, -14270, 19
2024-04-22 15:25:59.858216,0.0, 0.0, 0.0, -14270, 19
2024-04-22 15:26:02.609479,0.0, 0.0, 0.0, -14270, 19
2024-04-22 15:26:05.360262,4.0, 4.0, 8.0, -14270, 19
2024-04-22 15:26:08.110777,4.0, 4.0, 8.0, -14270, 19
2024-04-22 15:26:10.861398,0.0, 0.0, 0.0, -14270, 19
2024-04-22 15:26:13.612000,4.0, 4.0, 8.0, -14270, 19
2024-04-22 15:26:16.363751,1.0, 2.0, 3.0, -14269, 19
2024-04-22 15:26:19.114870,0.0, 0.0, 0.0, -14269, 19
2024-04-22 15:26:21.865734,2.0, 2.0, 4.0, -14269, 19
2024-04-22 15:26:24.616493,2.0, 2.0, 4.0, -14269, 19
2024-04-22 15:26:27.367081,4.0, 4.0, 8.0, -14269, 19
2024-04-22 15:26:30.117697,0.0, 0.0, 0.0, -14269, 19
2024-04-22 15:26:32.868707,0.0, 0.0, 0.0, -14269, 19
2024-04-22 15:26:35.619463,0.0, 0.0, 0.0, -14269, 19
2024-04-22 15:26:38.370098,4.0, 4.0, 8.0, -14269, 19
2024-04-22 15:26:41.120905,0.0, 0.0, 0.0, -14269, 19
2024-04-22 15:26:43.871670,0.0, 0.0, 0.0, -14269, 19
2024-04-22 15:26:46.622512,10.0, 10.0, 20.0, -14269, 19
2024-04-22 15:26:49.373370,0.0, 0.0, 0.0, -14269, 19
2024-04-22 15:26:52.126716,4.0, 4.0, 8.0, -14269, 19
2024-04-22 15:26:54.877620,4.0, 4.0, 8.0, -14269, 19
2024-04-22 15:26:57.628449,0.0, 0.0, 0.0, -14269, 19
2024-04-22 15:27:00.378958,8.0, 8.0, 16.0, -14269, 19
2024-04-22 15:27:03.129833,0.0, 0.0, 0.0, -14269, 19
2024-04-22 15:27:05.880807,0.0, 0.0, 0.0, -14269, 19
2024-04-22 15:27:08.631660,0.0, 0.0, 0.0, -14269, 19
2024-04-22 15:27:11.382474,4.0, 4.0, 8.0, -14269, 19
2024-04-22 15:27:14.133204,0.0, 0.0, 0.0, -14269, 19
2024-04-22 15:27:16.884032,0.0, 0.0, 0.0, -14269, 19
2024-04-22 15:27:19.634755,8.0, 8.0, 16.0, -14269, 19
2024-04-22 15:27:22.385845,1.0, 2.0, 3.0, -14268, 19
2024-04-22 15:27:25.136729,0.0, 0.0, 0.0, -14268, 19
2024-04-22 15:27:27.887781,4.0, 4.0, 8.0, -14268, 19
2024-04-22 15:27:30.638736,0.0, 0.0, 0.0, -14268, 19
2024-04-22 15:27:33.389702,0.0, 0.0, 0.0, -14268, 19
2024-04-22 15:27:36.140511,4.0, 4.0, 8.0, -14268, 19
2024-04-22 15:27:38.891669,0.0, 0.0, 0.0, -14268, 19
2024-04-22 15:27:41.642753,0.0, 0.0, 0.0, -14268, 19
2024-04-22 15:27:44.393471,4.0, 4.0, 8.0, -14268, 19
2024-04-22 15:27:47.144372,1.0, 2.0, 3.0, -14267, 20
2024-04-22 15:27:49.895384,0.0, 0.0, 0.0, -14267, 20
2024-04-22 15:27:52.646276,6.0, 6.0, 12.0, -14267, 21
2024-04-22 15:27:55.396874,0.0, 0.0, 0.0, -14267, 21
2024-04-22 15:27:58.147455,0.0, 0.0, 0.0, -14267, 21
2024-04-22 15:28:00.898202,4.0, 4.0, 8.0, -14267, 21
2024-04-22 15:28:03.648778,4.0, 2.0, 6.0, -14269, 21
2024-04-22 15:28:06.399518,5.0, 6.0, 11.0, -14268, 21
2024-04-22 15:28:09.150520,4.0, 4.0, 8.0, -14268, 21
2024-04-22 15:28:11.901626,0.0, 0.0, 0.0, -14268, 21
2024-04-22 15:28:14.652403,0.0, 0.0, 0.0, -14268, 21
2024-04-22 15:28:17.403090,6.0, 6.0, 12.0, -14268, 21
2024-04-22 15:28:20.154049,0.0, 0.0, 0.0, -14268, 21
2024-04-22 15:28:22.905399,0.0, 0.0, 0.0, -14268, 21
2024-04-22 15:28:25.656690,6.0, 6.0, 12.0, -14268, 21
2024-04-22 15:28:28.408117,0.0, 0.0, 0.0, -14268, 21
2024-04-22 15:28:31.158983,0.0, 0.0, 0.0, -14268, 21
2024-04-22 15:28:33.909767,6.0, 6.0, 12.0, -14268, 21
2024-04-22 15:28:36.660472,0.0, 0.0, 0.0, -14268, 21
2024-04-22 15:28:39.411020,0.0, 0.0, 0.0, -14268, 21
2024-04-22 15:28:42.161814,4.0, 4.0, 8.0, -14268, 21
2024-04-22 15:28:44.912912,0.0, 0.0, 0.0, -14268, 21
2024-04-22 15:28:47.663912,0.0, 0.0, 0.0, -14268, 21
2024-04-22 15:28:50.414974,4.0, 4.0, 8.0, -14268, 21
2024-04-22 15:28:53.166137,0.0, 0.0, 0.0, -14268, 21
2024-04-22 15:28:55.917192,0.0, 0.0, 0.0, -14268, 21
2024-04-22 15:28:58.667965,10.0, 10.0, 20.0, -14268, 21
2024-04-22 15:29:01.418973,0.0, 0.0, 0.0, -14268, 21
2024-04-22 15:29:04.170232,4.0, 4.0, 8.0, -14268, 21
2024-04-22 15:29:06.921182,4.0, 4.0, 8.0, -14268, 21
2024-04-22 15:29:09.672056,0.0, 0.0, 0.0, -14268, 21
2024-04-22 15:29:12.422933,8.0, 8.0, 16.0, -14268, 21
2024-04-22 15:29:15.174049,1.0, 2.0, 3.0, -14267, 22
2024-04-22 15:29:17.924932,0.0, 0.0, 0.0, -14267, 22
2024-04-22 15:29:20.675602,2.0, 2.0, 4.0, -14267, 23
2024-04-22 15:29:23.426507,4.0, 4.0, 8.0, -14267, 23
2024-04-22 15:29:26.177728,0.0, 0.0, 0.0, -14267, 23
2024-04-22 15:29:28.928269,0.0, 0.0, 0.0, -14267, 23
2024-04-22 15:29:31.678993,10.0, 10.0, 20.0, -14267, 23
2024-04-22 15:29:34.429652,4.0, 2.0, 6.0, -14269, 23
2024-04-22 15:29:37.182082,1.0, 2.0, 3.0, -14268, 23
2024-04-22 15:29:39.941973,4.0, 4.0, 8.0, -14268, 23
2024-04-22 15:29:42.692550,0.0, 0.0, 0.0, -14268, 23
2024-04-22 15:29:45.443337,0.0, 0.0, 0.0, -14268, 23
2024-04-22 15:29:48.194508,6.0, 6.0, 12.0, -14268, 23
2024-04-22 15:29:50.945704,1.0, 2.0, 3.0, -14267, 23
2024-04-22 15:29:53.696776,0.0, 0.0, 0.0, -14267, 23
2024-04-22 15:29:56.447782,4.0, 4.0, 8.0, -14267, 23
2024-04-22 15:29:59.198611,0.0, 0.0, 0.0, -14267, 23
2024-04-22 15:30:01.949238,0.0, 0.0, 0.0, -14267, 23
2024-04-22 15:30:04.699955,4.0, 4.0, 8.0, -14267, 23
2024-04-22 15:30:07.450784,0.0, 0.0, 0.0, -14267, 23
2024-04-22 15:30:10.201335,0.0, 0.0, 0.0, -14267, 23
2024-04-22 15:30:12.952492,6.0, 6.0, 12.0, -14267, 23
2024-04-22 15:30:15.703383,0.0, 0.0, 0.0, -14267, 23
2024-04-22 15:30:18.454299,4.0, 4.0, 8.0, -14267, 23
2024-04-22 15:30:21.205112,6.0, 6.0, 12.0, -14267, 23
2024-04-22 15:30:23.955530,0.0, 0.0, 0.0, -14267, 23
2024-04-22 15:30:26.706537,0.0, 0.0, 0.0, -14267, 23
2024-04-22 15:30:29.457897,4.0, 4.0, 8.0, -14267, 23
2024-04-22 15:30:32.208684,0.0, 0.0, 0.0, -14267, 23
2024-04-22 15:30:34.959445,0.0, 0.0, 0.0, -14267, 23
2024-04-22 15:30:37.710087,6.0, 6.0, 12.0, -14267, 23
2024-04-22 15:30:40.460598,0.0, 0.0, 0.0, -14267, 23
2024-04-22 15:30:43.211059,0.0, 0.0, 0.0, -14267, 23
2024-04-22 15:30:45.962185,4.0, 4.0, 8.0, -14267, 23
2024-04-22 15:30:48.713705,0.0, 0.0, 0.0, -14267, 23
2024-04-22 15:30:51.464717,5.0, 6.0, 11.0, -14266, 24
2024-04-22 15:30:54.215532,0.0, 0.0, 0.0, -14266, 24
2024-04-22 15:30:56.966390,0.0, 0.0, 0.0, -14266, 24
2024-04-22 15:30:59.717442,0.0, 0.0, 0.0, -14266, 24
2024-04-22 15:31:02.468381,4.0, 4.0, 8.0, -14266, 24
2024-04-22 15:31:05.219123,0.0, 0.0, 0.0, -14266, 24
2024-04-22 15:31:07.969730,0.0, 0.0, 0.0, -14266, 24
2024-04-22 15:31:10.720468,12.0, 10.0, 22.0, -14268, 25
2024-04-22 15:31:13.471150,1.0, 2.0, 3.0, -14267, 25
2024-04-22 15:31:16.221962,4.0, 4.0, 8.0, -14267, 25
2024-04-22 15:31:18.972916,6.0, 6.0, 12.0, -14267, 25
2024-04-22 15:31:21.723906,0.0, 0.0, 0.0, -14267, 25
2024-04-22 15:31:24.474608,8.0, 8.0, 16.0, -14267, 25
2024-04-22 15:31:27.225338,0.0, 0.0, 0.0, -14267, 25
2024-04-22 15:31:29.976336,0.0, 0.0, 0.0, -14267, 25
2024-04-22 15:31:32.727348,0.0, 0.0, 0.0, -14267, 25
2024-04-22 15:31:35.478196,4.0, 4.0, 8.0, -14267, 25
2024-04-22 15:31:38.229137,0.0, 0.0, 0.0, -14267, 25
2024-04-22 15:31:40.979867,2.0, 2.0, 4.0, -14267, 25
2024-04-22 15:31:43.730566,10.0, 12.0, 22.0, -14265, 25
2024-04-22 15:31:46.481271,3.0, 8.0, 11.0, -14260, 26
2024-04-22 15:31:49.232224,0.0, 0.0, 0.0, -14260, 26
2024-04-22 15:31:51.983168,4.0, 4.0, 8.0, -14260, 26
2024-04-22 15:31:54.733764,1.0, 2.0, 3.0, -14259, 26
2024-04-22 15:31:57.484746,0.0, 0.0, 0.0, -14259, 26
2024-04-22 15:32:00.235250,6.0, 6.0, 12.0, -14259, 26
2024-04-22 15:32:02.985822,0.0, 0.0, 0.0, -14259, 26
2024-04-22 15:32:05.736424,2.0, 2.0, 4.0, -14259, 26
2024-04-22 15:32:08.487205,6.0, 6.0, 12.0, -14259, 26
2024-04-22 15:32:11.238029,0.0, 0.0, 0.0, -14259, 26
2024-04-22 15:32:13.988869,0.0, 0.0, 0.0, -14259, 26
2024-04-22 15:32:16.739471,6.0, 6.0, 12.0, -14259, 26
2024-04-22 15:32:19.490176,0.0, 4.0, 4.0, -14255, 26
2024-04-22 15:32:22.240836,0.0, 0.0, 0.0, -14255, 26
2024-04-22 15:32:24.991502,4.0, 4.0, 8.0, -14255, 26
2024-04-22 15:32:27.742185,0.0, 0.0, 0.0, -14255, 26
2024-04-22 15:32:30.492770,6.0, 6.0, 12.0, -14255, 26
2024-04-22 15:32:33.243534,4.0, 4.0, 8.0, -14255, 26
2024-04-22 15:32:35.994252,0.0, 0.0, 0.0, -14255, 26
2024-04-22 15:32:38.744786,0.0, 0.0, 0.0, -14255, 26
2024-04-22 15:32:41.495546,6.0, 4.0, 10.0, -14257, 26
2024-04-22 15:32:44.245980,0.0, 0.0, 0.0, -14257, 26
2024-04-22 15:32:46.996542,2.0, 2.0, 4.0, -14257, 26
2024-04-22 15:32:49.747580,6.0, 6.0, 12.0, -14257, 26
2024-04-22 15:32:52.499089,0.0, 0.0, 0.0, -14257, 26
2024-04-22 15:32:55.250157,2.0, 2.0, 4.0, -14257, 26
2024-04-22 15:32:58.001786,6.0, 6.0, 12.0, -14257, 26
2024-04-22 15:33:00.752745,0.0, 0.0, 0.0, -14257, 26
2024-04-22 15:33:03.504038,4.0, 4.0, 8.0, -14257, 26
2024-04-22 15:33:06.258060,0.0, 0.0, 0.0, -14257, 26
2024-04-22 15:33:09.008931,0.0, 0.0, 0.0, -14257, 26
2024-04-22 15:33:11.759747,0.0, 0.0, 0.0, -14257, 26
2024-04-22 15:33:14.510601,2.0, 0.0, 2.0, -14259, 26
2024-04-22 15:33:17.261414,0.0, 0.0, 0.0, -14259, 26
2024-04-22 15:33:20.012310,2.0, 0.0, 2.0, -14261, 26
2024-04-22 15:33:22.762870,3.0, 0.0, 3.0, -14264, 26
2024-04-22 15:33:25.513415,5.0, 0.0, 5.0, -14269, 26
2024-04-22 15:33:28.264137,2.0, 0.0, 2.0, -14271, 26
2024-04-22 15:33:31.015300,7.0, 0.0, 7.0, -14278, 26
2024-04-22 15:33:33.766137,5.0, 0.0, 5.0, -14283, 26
2024-04-22 15:33:36.516927,4.0, 0.0, 4.0, -14287, 26
2024-04-22 15:33:39.267918,8.0, 0.0, 8.0, -14295, 26
2024-04-22 15:33:42.019225,6.0, 0.0, 6.0, -14301, 26
2024-04-22 15:33:44.770141,8.0, 0.0, 8.0, -14309, 26
2024-04-22 15:33:47.521092,7.0, 0.0, 7.0, -14316, 26
2024-04-22 15:33:50.272093,9.0, 0.0, 9.0, -14325, 26
2024-04-22 15:33:53.023241,6.0, 0.0, 6.0, -14331, 26
2024-04-22 15:33:55.774178,6.0, 0.0, 6.0, -14337, 26
2024-04-22 15:33:58.525329,4.0, 0.0, 4.0, -14341, 26
2024-04-22 15:34:01.276355,6.0, 0.0, 6.0, -14347, 26
2024-04-22 15:34:04.027207,5.0, 0.0, 5.0, -14352, 26
2024-04-22 15:34:06.777988,5.0, 0.0, 5.0, -14357, 26
2024-04-22 15:34:09.529150,6.0, 0.0, 6.0, -14363, 26
2024-04-22 15:34:12.280456,4.0, 0.0, 4.0, -14367, 26
2024-04-22 15:34:15.031542,6.0, 0.0, 6.0, -14373, 26
2024-04-22 15:34:17.782799,4.0, 0.0, 4.0, -14377, 26
2024-04-22 15:34:20.534140,6.0, 0.0, 6.0, -14383, 26
2024-04-22 15:34:23.285319,4.0, 0.0, 4.0, -14387, 26
2024-04-22 15:34:26.036523,6.0, 0.0, 6.0, -14393, 26
2024-04-22 15:34:28.787736,5.0, 0.0, 5.0, -14398, 26
2024-04-22 15:34:31.539230,2.0, 0.0, 2.0, -14400, 26
2024-04-22 15:34:34.290348,0.0, 0.0, 0.0, -14400, 26
2024-04-22 15:34:37.041681,0.0, 0.0, 0.0, -14400, 26
2024-04-22 15:34:39.792925,0.0, 0.0, 0.0, -14400, 26
2024-04-22 15:34:42.544394,0.0, 0.0, 0.0, -14400, 26
2024-04-22 15:34:45.295648,0.0, 0.0, 0.0, -14400, 26
2024-04-22 15:34:48.046778,0.0, 0.0, 0.0, -14400, 26
2024-04-22 15:34:50.798164,0.0, 0.0, 0.0, -14400, 26
2024-04-22 15:34:53.549505,0.0, 0.0, 0.0, -14400, 26
2024-04-22 15:34:56.300505,0.0, 0.0, 0.0, -14400, 26
2024-04-22 15:34:59.051628,0.0, 0.0, 0.0, -14400, 26
2024-04-22 15:35:01.802577,0.0, 0.0, 0.0, -14400, 26
2024-04-22 15:35:04.553826,0.0, 0.0, 0.0, -14400, 26
2024-04-22 15:35:07.304754,0.0, 0.0, 0.0, -14400, 26
2024-04-22 15:35:10.055377,0.0, 0.0, 0.0, -14400, 26
2024-04-22 15:35:12.805874,0.0, 0.0, 0.0, -14400, 26
2024-04-22 15:35:15.556495,0.0, 0.0, 0.0, -14400, 26
2024-04-22 15:35:18.307236,0.0, 0.0, 0.0, -14400, 26
2024-04-22 15:35:21.058353,0.0, 0.0, 0.0, -14400, 26
2024-04-22 15:35:23.809680,0.0, 0.0, 0.0, -14400, 26
2024-04-22 15:35:26.560927,0.0, 0.0, 0.0, -14400, 26
2024-04-22 15:35:29.311888,0.0, 0.0, 0.0, -14400, 26
2024-04-22 15:35:32.062645,0.0, 0.0, 0.0, -14400, 26
2024-04-22 15:35:34.813535,0.0, 0.0, 0.0, -14400, 26
2024-04-22 15:35:37.564416,0.0, 0.0, 0.0, -14400, 26
2024-04-22 15:35:40.315409,0.0, 0.0, 0.0, -14400, 26
2024-04-22 15:35:43.066528,0.0, 0.0, 0.0, -14400, 26
2024-04-22 15:35:45.817594,0.0, 0.0, 0.0, -14400, 26
2024-04-22 15:35:48.568790,0.0, 0.0, 0.0, -14400, 26
2024-04-22 15:35:51.319730,0.0, 0.0, 0.0, -14400, 26
2024-04-22 15:35:54.070823,0.0, 0.0, 0.0, -14400, 26
2024-04-22 15:35:56.822358,0.0, 0.0, 0.0, -14400, 26
2024-04-22 15:35:59.573726,0.0, 0.0, 0.0, -14400, 26
2024-04-22 15:36:02.324973,0.0, 0.0, 0.0, -14400, 26
2024-04-22 15:36:05.076169,0.0, 0.0, 0.0, -14400, 26
2024-04-22 15:36:07.827408,0.0, 0.0, 0.0, -14400, 26
2024-04-22 15:36:10.578573,0.0, 0.0, 0.0, -14400, 26
2024-04-22 15:36:13.329850,0.0, 0.0, 0.0, -14400, 26
2024-04-22 15:36:16.081016,0.0, 0.0, 0.0, -14400, 26
2024-04-22 15:36:18.832580,0.0, 0.0, 0.0, -14400, 26
2024-04-22 15:36:21.583844,0.0, 0.0, 0.0, -14400, 26
2024-04-22 15:36:24.334559,0.0, 0.0, 0.0, -14400, 26
2024-04-22 15:36:27.085443,0.0, 0.0, 0.0, -14400, 26
2024-04-22 15:36:29.836473,0.0, 0.0, 0.0, -14400, 26
2024-04-22 15:36:32.587459,0.0, 0.0, 0.0, -14400, 26
2024-04-22 15:36:35.338466,0.0, 0.0, 0.0, -14400, 26
2024-04-22 15:36:38.089499,0.0, 0.0, 0.0, -14400, 26
2024-04-22 15:36:40.840732,0.0, 0.0, 0.0, -14400, 26
2024-04-22 15:36:43.591712,0.0, 0.0, 0.0, -14400, 26
2024-04-22 15:36:46.342818,0.0, 0.0, 0.0, -14400, 26
2024-04-22 15:36:49.094458,0.0, 0.0, 0.0, -14400, 26
2024-04-22 15:36:51.845749,0.0, 0.0, 0.0, -14400, 26
2024-04-22 15:36:54.597051,0.0, 0.0, 0.0, -14400, 26
2024-04-22 15:36:57.348425,0.0, 0.0, 0.0, -14400, 26
2024-04-22 15:37:00.099707,0.0, 0.0, 0.0, -14400, 26
2024-04-22 15:37:02.850874,0.0, 0.0, 0.0, -14400, 26
2024-04-22 15:37:05.602005,0.0, 0.0, 0.0, -14400, 26
2024-04-22 15:37:08.353176,0.0, 0.0, 0.0, -14400, 26
2024-04-22 15:37:11.104043,0.0, 0.0, 0.0, -14400, 26
2024-04-22 15:37:13.854760,0.0, 0.0, 0.0, -14400, 26
2024-04-22 15:37:16.605656,0.0, 0.0, 0.0, -14400, 26
2024-04-22 15:37:19.356890,0.0, 0.0, 0.0, -14400, 26
2024-04-22 15:37:22.108157,0.0, 0.0, 0.0, -14400, 26
2024-04-22 15:37:24.859235,0.0, 0.0, 0.0, -14400, 26
2024-04-22 15:37:27.609950,0.0, 0.0, 0.0, -14400, 26
2024-04-22 15:37:30.360954,0.0, 0.0, 0.0, -14400, 26
2024-04-22 15:37:33.111802,0.0, 0.0, 0.0, -14400, 26
2024-04-22 15:37:35.862691,0.0, 0.0, 0.0, -14400, 26
2024-04-22 15:37:38.613930,0.0, 0.0, 0.0, -14400, 26
2024-04-22 15:37:41.365168,0.0, 0.0, 0.0, -14400, 26
2024-04-22 15:37:44.116275,0.0, 0.0, 0.0, -14400, 26
2024-04-22 15:37:46.867119,0.0, 0.0, 0.0, -14400, 26
2024-04-22 15:37:49.617581,0.0, 0.0, 0.0, -14400, 26
2024-04-22 15:37:52.368337,0.0, 0.0, 0.0, -14400, 26
2024-04-22 15:37:55.119490,0.0, 0.0, 0.0, -14400, 26
2024-04-22 15:37:57.870816,0.0, 0.0, 0.0, -14400, 26
2024-04-22 15:38:00.622132,0.0, 0.0, 0.0, -14400, 26
2024-04-22 15:38:03.373442,0.0, 0.0, 0.0, -14400, 26
2024-04-22 15:38:06.124609,0.0, 0.0, 0.0, -14400, 26
2024-04-22 15:38:08.875836,0.0, 0.0, 0.0, -14400, 26
2024-04-22 15:38:11.627105,0.0, 0.0, 0.0, -14400, 26
2024-04-22 15:38:14.378060,0.0, 0.0, 0.0, -14400, 26
2024-04-22 15:38:17.128975,0.0, 0.0, 0.0, -14400, 26
2024-04-22 15:38:19.879829,0.0, 0.0, 0.0, -14400, 26
2024-04-22 15:38:22.630954,0.0, 0.0, 0.0, -14400, 26
2024-04-22 15:38:25.381755,0.0, 0.0, 0.0, -14400, 26
2024-04-22 15:38:28.132683,0.0, 0.0, 0.0, -14400, 26
2024-04-22 15:38:30.883682,0.0, 0.0, 0.0, -14400, 26
2024-04-22 15:38:33.634564,0.0, 0.0, 0.0, -14400, 26
2024-04-22 15:38:36.385700,0.0, 0.0, 0.0, -14400, 26
2024-04-22 15:38:39.136580,0.0, 0.0, 0.0, -14400, 26
2024-04-22 15:38:41.887503,0.0, 0.0, 0.0, -14400, 26
2024-04-22 15:38:44.638545,0.0, 0.0, 0.0, -14400, 26
2024-04-22 15:38:47.389521,0.0, 0.0, 0.0, -14400, 26
2024-04-22 15:38:50.140481,0.0, 0.0, 0.0, -14400, 26
2024-04-22 15:38:52.891414,0.0, 0.0, 0.0, -14400, 26
2024-04-22 15:38:55.642412,0.0, 0.0, 0.0, -14400, 26
2024-04-22 15:38:58.393515,0.0, 0.0, 0.0, -14400, 26
2024-04-22 15:39:01.144721,0.0, 0.0, 0.0, -14400, 26
2024-04-22 15:39:03.895878,0.0, 0.0, 0.0, -14400, 26
2024-04-22 15:39:06.647081,0.0, 0.0, 0.0, -14400, 26
2024-04-22 15:39:09.398043,0.0, 0.0, 0.0, -14400, 26
2024-04-22 15:39:12.149232,0.0, 0.0, 0.0, -14400, 26
2024-04-22 15:39:14.900450,0.0, 0.0, 0.0, -14400, 26
2024-04-22 15:39:17.651762,0.0, 0.0, 0.0, -14400, 26
2024-04-22 15:39:20.402926,0.0, 0.0, 0.0, -14400, 26
2024-04-22 15:39:23.153890,0.0, 0.0, 0.0, -14400, 26
2024-04-22 15:39:25.904716,0.0, 0.0, 0.0, -14400, 26
2024-04-22 15:39:28.655937,0.0, 0.0, 0.0, -14400, 26
2024-04-22 15:39:31.407016,0.0, 0.0, 0.0, -14400, 26
2024-04-22 15:39:34.158149,0.0, 0.0, 0.0, -14400, 26
2024-04-22 15:39:36.909236,0.0, 0.0, 0.0, -14400, 26
2024-04-22 15:39:39.660083,0.0, 0.0, 0.0, -14400, 26
2024-04-22 15:39:42.411112,0.0, 0.0, 0.0, -14400, 26
2024-04-22 15:39:45.162087,0.0, 0.0, 0.0, -14400, 26
2024-04-22 15:39:47.912851,0.0, 0.0, 0.0, -14400, 26
2024-04-22 15:39:50.663889,0.0, 0.0, 0.0, -14400, 26
2024-04-22 15:39:53.415139,0.0, 0.0, 0.0, -14400, 26
2024-04-22 15:39:56.166299,0.0, 0.0, 0.0, -14400, 26
2024-04-22 15:39:58.917523,0.0, 0.0, 0.0, -14400, 26
2024-04-22 15:40:01.668753,0.0, 0.0, 0.0, -14400, 26
2024-04-22 15:40:04.419909,0.0, 0.0, 0.0, -14400, 26
2024-04-22 15:40:07.170568,0.0, 0.0, 0.0, -14400, 26
2024-04-22 15:40:09.921614,0.0, 0.0, 0.0, -14400, 26
2024-04-22 15:40:12.672525,0.0, 0.0, 0.0, -14400, 26
2024-04-22 15:40:15.423219,0.0, 0.0, 0.0, -14400, 26
2024-04-22 15:40:18.174172,0.0, 0.0, 0.0, -14400, 26
2024-04-22 15:40:20.924939,0.0, 0.0, 0.0, -14400, 26
2024-04-22 15:40:23.675601,0.0, 0.0, 0.0, -14400, 26
2024-04-22 15:40:26.426385,0.0, 0.0, 0.0, -14400, 26
2024-04-22 15:40:29.177255,0.0, 0.0, 0.0, -14400, 26
2024-04-22 15:40:31.927931,0.0, 0.0, 0.0, -14400, 26
2024-04-22 15:40:34.679040,0.0, 0.0, 0.0, -14400, 26
2024-04-22 15:40:37.430082,0.0, 0.0, 0.0, -14400, 26
2024-04-22 15:40:40.181167,0.0, 0.0, 0.0, -14400, 26
2024-04-22 15:40:42.932431,0.0, 0.0, 0.0, -14400, 26
2024-04-22 15:40:45.683296,0.0, 0.0, 0.0, -14400, 26
2024-04-22 15:40:48.434111,0.0, 0.0, 0.0, -14400, 26
2024-04-22 15:40:51.185190,0.0, 0.0, 0.0, -14400, 26
2024-04-22 15:40:53.936603,0.0, 0.0, 0.0, -14400, 26
2024-04-22 15:40:56.687613,0.0, 0.0, 0.0, -14400, 26
2024-04-22 15:40:59.438473,0.0, 0.0, 0.0, -14400, 26
2024-04-22 15:41:02.189640,0.0, 0.0, 0.0, -14400, 26
2024-04-22 15:41:04.940928,0.0, 0.0, 0.0, -14400, 26
2024-04-22 15:41:07.692187,0.0, 0.0, 0.0, -14400, 26
2024-04-22 15:41:10.443080,0.0, 0.0, 0.0, -14400, 26
2024-04-22 15:41:13.194198,0.0, 0.0, 0.0, -14400, 26
2024-04-22 15:41:15.945111,0.0, 0.0, 0.0, -14400, 26
2024-04-22 15:41:18.696103,0.0, 0.0, 0.0, -14400, 26
2024-04-22 15:41:21.447025,0.0, 0.0, 0.0, -14400, 26
2024-04-22 15:41:24.198126,0.0, 0.0, 0.0, -14400, 26
2024-04-22 15:41:26.949074,0.0, 0.0, 0.0, -14400, 26
2024-04-22 15:41:29.699892,0.0, 0.0, 0.0, -14400, 26
2024-04-22 15:41:32.450944,0.0, 0.0, 0.0, -14400, 26
2024-04-22 15:41:35.201961,0.0, 0.0, 0.0, -14400, 26
2024-04-22 15:41:37.953093,0.0, 0.0, 0.0, -14400, 26
2024-04-22 15:41:40.704360,0.0, 0.0, 0.0, -14400, 26
2024-04-22 15:41:43.455530,0.0, 0.0, 0.0, -14400, 26
2024-04-22 15:41:46.206343,0.0, 0.0, 0.0, -14400, 26
2024-04-22 15:41:48.957449,0.0, 0.0, 0.0, -14400, 26
2024-04-22 15:41:51.708442,0.0, 0.0, 0.0, -14400, 26
2024-04-22 15:41:54.459461,0.0, 0.0, 0.0, -14400, 26
2024-04-22 15:41:57.210354,0.0, 0.0, 0.0, -14400, 26
2024-04-22 15:41:59.961159,0.0, 0.0, 0.0, -14400, 26
2024-04-22 15:42:02.712309,0.0, 0.0, 0.0, -14400, 26
2024-04-22 15:42:05.463609,0.0, 0.0, 0.0, -14400, 26
2024-04-22 15:42:08.214818,0.0, 0.0, 0.0, -14400, 26
2024-04-22 15:42:10.966272,0.0, 0.0, 0.0, -14400, 26
2024-04-22 15:42:13.717132,0.0, 0.0, 0.0, -14400, 26
2024-04-22 15:42:16.467828,0.0, 0.0, 0.0, -14400, 26
2024-04-22 15:42:19.218845,0.0, 0.0, 0.0, -14400, 26
2024-04-22 15:42:21.969581,0.0, 0.0, 0.0, -14400, 26
2024-04-22 15:42:24.720196,0.0, 0.0, 0.0, -14400, 26
2024-04-22 15:42:27.471102,0.0, 0.0, 0.0, -14400, 26
2024-04-22 15:42:30.221959,0.0, 0.0, 0.0, -14400, 26
2024-04-22 15:42:32.972986,0.0, 0.0, 0.0, -14400, 26
2024-04-22 15:42:35.723866,0.0, 0.0, 0.0, -14400, 26
2024-04-22 15:42:38.475005,0.0, 0.0, 0.0, -14400, 26
2024-04-22 15:42:41.226043,0.0, 0.0, 0.0, -14400, 26
2024-04-22 15:42:43.977107,0.0, 0.0, 0.0, -14400, 26
2024-04-22 15:42:46.728189,0.0, 0.0, 0.0, -14400, 26
2024-04-22 15:42:49.479425,0.0, 0.0, 0.0, -14400, 26
2024-04-22 15:42:52.230500,0.0, 0.0, 0.0, -14400, 26
2024-04-22 15:42:54.981926,0.0, 0.0, 0.0, -14400, 26
2024-04-22 15:42:57.733412,0.0, 0.0, 0.0, -14400, 26
2024-04-22 15:43:00.484712,0.0, 0.0, 0.0, -14400, 26
2024-04-22 15:43:03.235848,0.0, 0.0, 0.0, -14400, 26
2024-04-22 15:43:05.986929,0.0, 0.0, 0.0, -14400, 26
2024-04-22 15:43:08.738446,0.0, 0.0, 0.0, -14400, 26
2024-04-22 15:43:11.489858,0.0, 0.0, 0.0, -14400, 26
2024-04-22 15:43:14.241219,0.0, 0.0, 0.0, -14400, 26
2024-04-22 15:43:16.992574,0.0, 0.0, 0.0, -14400, 26
2024-04-22 15:43:19.743987,0.0, 0.0, 0.0, -14400, 26
2024-04-22 15:43:22.495230,0.0, 0.0, 0.0, -14400, 26
2024-04-22 15:43:25.246898,0.0, 0.0, 0.0, -14400, 26
2024-04-22 15:43:27.998092,0.0, 0.0, 0.0, -14400, 26
2024-04-22 15:43:30.749494,0.0, 0.0, 0.0, -14400, 26
2024-04-22 15:43:33.500766,0.0, 0.0, 0.0, -14400, 26
2024-04-22 15:43:36.251986,0.0, 0.0, 0.0, -14400, 26
2024-04-22 15:43:39.002858,0.0, 0.0, 0.0, -14400, 26
2024-04-22 15:43:41.753966,0.0, 0.0, 0.0, -14400, 26
2024-04-22 15:43:44.504925,0.0, 0.0, 0.0, -14400, 26
2024-04-22 15:43:47.255800,0.0, 0.0, 0.0, -14400, 26
2024-04-22 15:43:50.006771,0.0, 0.0, 0.0, -14400, 26
2024-04-22 15:43:52.757968,0.0, 0.0, 0.0, -14400, 26
2024-04-22 15:43:55.509035,0.0, 0.0, 0.0, -14400, 26
2024-04-22 15:43:58.259823,0.0, 0.0, 0.0, -14400, 26
2024-04-22 15:44:01.010758,0.0, 0.0, 0.0, -14400, 26
2024-04-22 15:44:03.761891,0.0, 0.0, 0.0, -14400, 26
2024-04-22 15:44:06.512887,0.0, 0.0, 0.0, -14400, 26
2024-04-22 15:44:09.263893,0.0, 0.0, 0.0, -14400, 26
2024-04-22 15:44:12.014760,0.0, 0.0, 0.0, -14400, 26
2024-04-22 15:44:14.765730,0.0, 0.0, 0.0, -14400, 26
2024-04-22 15:44:17.516622,0.0, 0.0, 0.0, -14400, 26
2024-04-22 15:44:20.267558,0.0, 0.0, 0.0, -14400, 26
2024-04-22 15:44:23.018469,0.0, 0.0, 0.0, -14400, 26
2024-04-22 15:44:25.769290,0.0, 0.0, 0.0, -14400, 26
2024-04-22 15:44:28.520242,0.0, 0.0, 0.0, -14400, 26
2024-04-22 15:44:31.271066,0.0, 0.0, 0.0, -14400, 26
2024-04-22 15:44:34.021752,0.0, 0.0, 0.0, -14400, 26
2024-04-22 15:44:36.772172,0.0, 0.0, 0.0, -14400, 26
2024-04-22 15:44:39.522770,0.0, 0.0, 0.0, -14400, 26
2024-04-22 15:44:42.273839,0.0, 0.0, 0.0, -14400, 26
2024-04-22 15:44:45.024766,0.0, 0.0, 0.0, -14400, 26
2024-04-22 15:44:47.776158,0.0, 0.0, 0.0, -14400, 26
2024-04-22 15:44:50.527595,0.0, 0.0, 0.0, -14400, 26
2024-04-22 15:44:53.278567,0.0, 0.0, 0.0, -14400, 26
2024-04-22 15:44:56.029900,0.0, 0.0, 0.0, -14400, 26
2024-04-22 15:44:58.781218,0.0, 0.0, 0.0, -14400, 26
2024-04-22 15:45:01.532655,0.0, 0.0, 0.0, -14400, 26
2024-04-22 15:45:04.284024,0.0, 0.0, 0.0, -14400, 26
2024-04-22 15:45:07.035435,0.0, 0.0, 0.0, -14400, 26
2024-04-22 15:45:09.786567,0.0, 0.0, 0.0, -14400, 26
2024-04-22 15:45:12.537714,0.0, 0.0, 0.0, -14400, 26
2024-04-22 15:45:15.288672,0.0, 0.0, 0.0, -14400, 26
2024-04-22 15:45:18.039781,0.0, 0.0, 0.0, -14400, 26
2024-04-22 15:45:20.790975,0.0, 0.0, 0.0, -14400, 26
2024-04-22 15:45:23.542175,0.0, 0.0, 0.0, -14400, 26
2024-04-22 15:45:26.293531,0.0, 0.0, 0.0, -14400, 26
2024-04-22 15:45:29.044700,0.0, 0.0, 0.0, -14400, 26
2024-04-22 15:45:31.795913,0.0, 0.0, 0.0, -14400, 26
2024-04-22 15:45:34.547073,0.0, 0.0, 0.0, -14400, 26
2024-04-22 15:45:37.298164,0.0, 0.0, 0.0, -14400, 26
2024-04-22 15:45:40.049299,0.0, 0.0, 0.0, -14400, 26
2024-04-22 15:45:42.800384,0.0, 0.0, 0.0, -14400, 26
2024-04-22 15:45:45.551200,0.0, 0.0, 0.0, -14400, 26
2024-04-22 15:45:48.302476,0.0, 0.0, 0.0, -14400, 26
2024-04-22 15:45:51.053710,0.0, 0.0, 0.0, -14400, 26
2024-04-22 15:45:53.804690,0.0, 0.0, 0.0, -14400, 26
2024-04-22 15:45:56.555820,0.0, 0.0, 0.0, -14400, 26
2024-04-22 15:45:59.306845,0.0, 0.0, 0.0, -14400, 26
2024-04-22 15:46:02.057740,0.0, 0.0, 0.0, -14400, 26
2024-04-22 15:46:04.808428,0.0, 0.0, 0.0, -14400, 26
2024-04-22 15:46:07.559397,0.0, 0.0, 0.0, -14400, 26
2024-04-22 15:46:10.310577,0.0, 0.0, 0.0, -14400, 26
2024-04-22 15:46:13.061787,0.0, 0.0, 0.0, -14400, 26
2024-04-22 15:46:15.812597,0.0, 0.0, 0.0, -14400, 26
2024-04-22 15:46:18.563985,0.0, 0.0, 0.0, -14400, 26
2024-04-22 15:46:21.314994,0.0, 0.0, 0.0, -14400, 26
2024-04-22 15:46:24.065980,0.0, 0.0, 0.0, -14400, 26
2024-04-22 15:46:26.817227,0.0, 0.0, 0.0, -14400, 26
2024-04-22 15:46:29.568659,0.0, 0.0, 0.0, -14400, 26
2024-04-22 15:46:32.319867,0.0, 0.0, 0.0, -14400, 26
2024-04-22 15:46:35.071061,0.0, 0.0, 0.0, -14400, 26
2024-04-22 15:46:37.822051,0.0, 0.0, 0.0, -14400, 26
2024-04-22 15:46:40.573237,0.0, 0.0, 0.0, -14400, 26
2024-04-22 15:46:43.324395,0.0, 0.0, 0.0, -14400, 26
2024-04-22 15:46:46.075407,0.0, 0.0, 0.0, -14400, 26
2024-04-22 15:46:48.826374,0.0, 0.0, 0.0, -14400, 26
2024-04-22 15:46:51.577540,0.0, 0.0, 0.0, -14400, 26
2024-04-22 15:46:54.328315,0.0, 0.0, 0.0, -14400, 26
2024-04-22 15:46:57.078840,0.0, 0.0, 0.0, -14400, 26
2024-04-22 15:46:59.829915,0.0, 0.0, 0.0, -14400, 26
2024-04-22 15:47:02.581031,0.0, 0.0, 0.0, -14400, 26
2024-04-22 15:47:05.332359,0.0, 0.0, 0.0, -14400, 26
2024-04-22 15:47:08.083505,0.0, 0.0, 0.0, -14400, 26
2024-04-22 15:47:10.834639,0.0, 0.0, 0.0, -14400, 26
2024-04-22 15:47:13.585937,0.0, 0.0, 0.0, -14400, 26
2024-04-22 15:47:16.337068,0.0, 0.0, 0.0, -14400, 26
2024-04-22 15:47:19.088386,0.0, 0.0, 0.0, -14400, 26
2024-04-22 15:47:21.840038,0.0, 0.0, 0.0, -14400, 26
2024-04-22 15:47:24.591369,0.0, 0.0, 0.0, -14400, 26
2024-04-22 15:47:27.342556,0.0, 0.0, 0.0, -14400, 26
2024-04-22 15:47:30.094259,0.0, 0.0, 0.0, -14400, 26
2024-04-22 15:47:32.845914,0.0, 0.0, 0.0, -14400, 26
2024-04-22 15:47:35.597887,0.0, 0.0, 0.0, -14400, 26
2024-04-22 15:47:38.349393,0.0, 0.0, 0.0, -14400, 26
2024-04-22 15:47:41.100645,0.0, 0.0, 0.0, -14400, 26
2024-04-22 15:47:43.852180,0.0, 0.0, 0.0, -14400, 26
2024-04-22 15:47:46.603483,0.0, 0.0, 0.0, -14400, 26
2024-04-22 15:47:49.354613,0.0, 0.0, 0.0, -14400, 26
2024-04-22 15:47:52.105606,0.0, 0.0, 0.0, -14400, 26
2024-04-22 15:47:54.856286,0.0, 0.0, 0.0, -14400, 26
2024-04-22 15:47:57.607171,0.0, 0.0, 0.0, -14400, 26
2024-04-22 15:48:00.357916,0.0, 0.0, 0.0, -14400, 26
2024-04-22 15:48:03.108657,0.0, 0.0, 0.0, -14400, 26
2024-04-22 15:48:05.859585,0.0, 0.0, 0.0, -14400, 26
2024-04-22 15:48:08.610373,0.0, 0.0, 0.0, -14400, 26
2024-04-22 15:48:11.361315,0.0, 0.0, 0.0, -14400, 26
2024-04-22 15:48:14.112473,0.0, 0.0, 0.0, -14400, 26
2024-04-22 15:48:16.863737,0.0, 0.0, 0.0, -14400, 26
2024-04-22 15:48:19.614788,0.0, 0.0, 0.0, -14400, 26
2024-04-22 15:48:22.365968,0.0, 0.0, 0.0, -14400, 26
2024-04-22 15:48:25.116855,0.0, 0.0, 0.0, -14400, 26
2024-04-22 15:48:27.867829,0.0, 0.0, 0.0, -14400, 26
2024-04-22 15:48:30.618740,0.0, 0.0, 0.0, -14400, 26
2024-04-22 15:48:33.369204,0.0, 0.0, 0.0, -14400, 26
2024-04-22 15:48:36.119531,0.0, 0.0, 0.0, -14400, 26
2024-04-22 15:48:38.870399,0.0, 0.0, 0.0, -14400, 26
2024-04-22 15:48:41.621243,0.0, 0.0, 0.0, -14400, 26
2024-04-22 15:48:44.371831,0.0, 0.0, 0.0, -14400, 26
2024-04-22 15:48:47.122608,0.0, 0.0, 0.0, -14400, 26
2024-04-22 15:48:49.873446,0.0, 0.0, 0.0, -14400, 26
2024-04-22 15:48:52.624476,0.0, 0.0, 0.0, -14400, 26
2024-04-22 15:48:55.375452,0.0, 0.0, 0.0, -14400, 26
2024-04-22 15:48:58.126212,0.0, 0.0, 0.0, -14400, 26
2024-04-22 15:49:00.877100,0.0, 0.0, 0.0, -14400, 26
2024-04-22 15:49:03.628057,0.0, 0.0, 0.0, -14400, 26
2024-04-22 15:49:06.378974,0.0, 0.0, 0.0, -14400, 26
2024-04-22 15:49:09.129974,0.0, 0.0, 0.0, -14400, 26
2024-04-22 15:49:11.881174,0.0, 0.0, 0.0, -14400, 26
2024-04-22 15:49:14.631953,0.0, 0.0, 0.0, -14400, 26
2024-04-22 15:49:17.382764,0.0, 0.0, 0.0, -14400, 26
2024-04-22 15:49:20.133259,0.0, 0.0, 0.0, -14400, 26
2024-04-22 15:49:22.883663,0.0, 0.0, 0.0, -14400, 26
2024-04-22 15:49:25.634028,0.0, 0.0, 0.0, -14400, 26
2024-04-22 15:49:28.384434,0.0, 0.0, 0.0, -14400, 26
2024-04-22 15:49:31.134842,0.0, 0.0, 0.0, -14400, 26
2024-04-22 15:49:33.885188,0.0, 0.0, 0.0, -14400, 26
2024-04-22 15:49:36.635562,0.0, 0.0, 0.0, -14400, 26
2024-04-22 15:49:39.385970,0.0, 0.0, 0.0, -14400, 26
2024-04-22 15:49:42.136315,0.0, 0.0, 0.0, -14400, 26
2024-04-22 15:49:44.886725,0.0, 0.0, 0.0, -14400, 26
2024-04-22 15:49:47.637113,0.0, 0.0, 0.0, -14400, 26
2024-04-22 15:49:50.387539,0.0, 0.0, 0.0, -14400, 26
2024-04-22 15:49:53.137887,0.0, 0.0, 0.0, -14400, 26
