68.0,55.0,2,1, 2, 60.36363636363637,1,1,MITM IP_SPOOFING
54.0,0.0,2,1, 2, 61.09090909090909,1,1,MITM IP_SPOOFING
40.0,0.0,2,1, 2, 59.63636363636363,1,1,MITM IP_SPOOFING
10.0,0.0,0,0, 2, 61.81818181818182,1,1,MITM IP_SPOOFING
2.0,0.0,0,0, 2, 59.63636363636363,1,1,MITM IP_SPOOFING
4.0,0.0,2,1, 2, 60.36363636363637,1,1,MITM IP_SPOOFING
12.0,0.0,2,1, 4, 60.0,1,1,MITM IP_SPOOFING
17.0,1.0,3,1, 4, 60.36363636363637,1,1,MITM IP_SPOOFING
15.0,62.0,3,1, 6, 61.09090909090909,1,1,MITM IP_SPOOFING
11.0,174.0,3,1, 7, 59.27272727272727,1,1,MITM IP_SPOOFING
82.0,206.0,2,1, 8, 62.18181818181818,1,1,MITM IP_SPOOFING
174.0,146.0,2,1, 8, 59.63636363636363,1,1,MITM IP_SPOOFING
165.0,159.0,3,1, 10, 61.09090909090909,1,1,MITM IP_SPOOFING
89.0,192.0,3,1, 10, 61.09090909090909,1,1,MITM IP_SPOOFING
33.0,170.0,3,1, 10, 59.63636363636363,1,1,MITM IP_SPOOFING
42.0,190.0,2,1, 10, 59.63636363636363,1,1,MITM IP_SPOOFING
44.0,182.0,2,1, 10, 60.36363636363637,1,1,MITM IP_SPOOFING
48.0,25.0,2,1, 10, 18.181818181818183,1,1,MITM IP_SPOOFING
32.0,0.0,2,1, 0, 0.7272727272727273,1,1,MITM IP_SPOOFING
20.0,0.0,2,1, 0, 1.4545454545454546,1,1,MITM IP_SPOOFING
7.0,2.0,3,1, 0, 0.0,1,1,MITM IP_SPOOFING
8.0,0.0,4,1, 2, 1.4545454545454546,1,1,MITM IP_SPOOFING
11.0,0.0,3,1, 0, 0.0,1,1,MITM IP_SPOOFING
11.0,0.0,1,1, 0, 0.0,1,1,MITM IP_SPOOFING
11.0,0.0,1,1, 14, 16.727272727272727,1,1,MITM IP_SPOOFING
9.0,92.0,1,1, 96, 89.45454545454545,1,1,MITM IP_SPOOFING
11.0,196.0,1,1, 205, 64.0,1,1,MITM IP_SPOOFING
105.0,165.0,1,1, 205, 19.636363636363637,1,1,MITM IP_SPOOFING
147.0,173.0,1,1, 205, 20.363636363636363,1,1,MITM IP_SPOOFING
136.0,171.0,2,1, 206, 20.0,1,1,MITM IP_SPOOFING
58.0,172.0,2,1, 207, 21.454545454545453,1,1,MITM IP_SPOOFING
50.0,164.0,2,1, 208, 20.0,1,1,MITM IP_SPOOFING
52.0,169.0,2,1, 209, 20.0,1,1,MITM IP_SPOOFING
52.0,183.0,2,1, 209, 21.09090909090909,1,1,MITM IP_SPOOFING
72.0,16.0,2,1, 209, 19.636363636363637,1,1,MITM IP_SPOOFING
79.0,1.0,3,1, 209, 20.363636363636363,1,1,MITM IP_SPOOFING
57.0,0.0,3,1, 211, 21.09090909090909,1,1,MITM IP_SPOOFING
29.0,0.0,3,1, 211, 19.636363636363637,1,1,MITM IP_SPOOFING
6.0,0.0,0,0, 211, 21.818181818181817,1,1,MITM IP_SPOOFING
8.0,0.0,0,0, 211, 19.636363636363637,1,1,MITM IP_SPOOFING
8.0,0.0,0,0, 211, 21.818181818181817,1,1,MITM IP_SPOOFING
14.0,0.0,2,1, 211, 19.636363636363637,1,1,MITM IP_SPOOFING
10.0,116.0,2,1, 211, 20.363636363636363,1,1,MITM IP_SPOOFING
20.0,157.0,2,1, 211, 20.363636363636363,1,1,MITM IP_SPOOFING
124.0,165.0,2,1, 211, 19.636363636363637,1,1,MITM IP_SPOOFING
152.0,202.0,2,1, 211, 21.818181818181817,1,1,MITM IP_SPOOFING
146.0,172.0,2,1, 211, 20.363636363636363,1,1,MITM IP_SPOOFING
74.0,143.0,2,1, 211, 21.09090909090909,1,1,MITM IP_SPOOFING
54.0,163.0,0,0, 211, 19.636363636363637,1,1,MITM IP_SPOOFING
36.0,178.0,2,1, 211, 21.09090909090909,1,1,MITM IP_SPOOFING
38.0,175.0,0,0, 211, 20.363636363636363,1,1,MITM IP_SPOOFING
64.0,8.0,0,0, 211, 19.636363636363637,1,1,MITM IP_SPOOFING
74.0,0.0,2,1, 211, 21.818181818181817,1,1,MITM IP_SPOOFING
50.0,0.0,2,1, 211, 20.363636363636363,1,1,MITM IP_SPOOFING
14.0,0.0,2,1, 211, 21.09090909090909,1,1,MITM IP_SPOOFING
8.0,0.0,2,1, 211, 19.636363636363637,1,1,MITM IP_SPOOFING
10.0,0.0,2,1, 211, 20.363636363636363,1,1,MITM IP_SPOOFING
4.0,0.0,2,1, 211, 20.363636363636363,1,1,MITM IP_SPOOFING
6.0,0.0,2,1, 211, 20.363636363636363,1,1,MITM IP_SPOOFING
8.0,100.0,2,1, 211, 21.09090909090909,1,1,MITM IP_SPOOFING
46.0,140.0,2,1, 211, 20.363636363636363,1,1,MITM IP_SPOOFING
108.0,183.0,2,1, 211, 21.09090909090909,1,1,MITM IP_SPOOFING
148.0,202.0,2,1, 211, 20.363636363636363,1,1,MITM IP_SPOOFING
112.0,199.0,2,1, 211, 19.636363636363637,1,1,MITM IP_SPOOFING
76.0,191.0,2,1, 213, 21.09090909090909,1,1,MITM IP_SPOOFING
72.0,167.0,2,1, 213, 20.363636363636363,1,1,MITM IP_SPOOFING
64.0,174.0,2,1, 213, 21.09090909090909,1,1,MITM IP_SPOOFING
44.0,140.0,0,0, 214, 21.454545454545453,1,1,MITM IP_SPOOFING
46.0,0.0,0,0, 215, 20.0,1,1,MITM IP_SPOOFING
46.0,0.0,2,1, 215, 20.363636363636363,1,1,MITM IP_SPOOFING
36.0,0.0,2,1, 215, 21.09090909090909,1,1,MITM IP_SPOOFING
18.0,0.0,2,1, 215, 19.636363636363637,1,1,MITM IP_SPOOFING
10.0,0.0,2,1, 215, 19.636363636363637,1,1,MITM IP_SPOOFING
6.0,0.0,2,1, 215, 21.818181818181817,1,1,MITM IP_SPOOFING
14.0,0.0,0,0, 87, 72.0,1,1,MITM IP_SPOOFING
11.0,0.0,1,1, 153, 73.45454545454545,1,1,MITM IP_SPOOFING
14.0,0.0,2,1, 198, 51.27272727272727,1,1,MITM IP_SPOOFING
8.0,0.0,2,1, 199, 21.454545454545453,1,1,MITM IP_SPOOFING
5.0,0.0,3,1, 199, 20.363636363636363,1,1,MITM IP_SPOOFING
9.0,84.0,1,1, 199, 19.636363636363637,1,1,MITM IP_SPOOFING
21.0,102.0,1,1, 202, 22.181818181818183,1,1,MITM IP_SPOOFING
67.0,78.0,1,1, 202, 21.09090909090909,1,1,MITM IP_SPOOFING
74.0,71.0,2,1, 202, 20.363636363636363,1,1,MITM IP_SPOOFING
58.0,81.0,2,1, 202, 20.363636363636363,1,1,MITM IP_SPOOFING
44.0,96.0,0,0, 202, 21.09090909090909,1,1,MITM IP_SPOOFING
44.0,93.0,0,0, 203, 20.0,1,1,MITM IP_SPOOFING
58.0,90.0,2,1, 204, 20.0,1,1,MITM IP_SPOOFING
40.0,64.0,2,1, 204, 19.636363636363637,1,1,MITM IP_SPOOFING
48.0,0.0,2,1, 204, 21.09090909090909,1,1,MITM IP_SPOOFING
31.0,0.0,3,1, 206, 20.363636363636363,1,1,MITM IP_SPOOFING
23.0,0.0,3,1, 206, 21.09090909090909,1,1,MITM IP_SPOOFING
12.0,0.0,2,1, 206, 19.636363636363637,1,1,MITM IP_SPOOFING
14.0,0.0,2,1, 206, 20.363636363636363,1,1,MITM IP_SPOOFING
8.0,0.0,2,1, 206, 20.363636363636363,1,1,MITM IP_SPOOFING
8.0,0.0,2,1, 206, 19.636363636363637,1,1,MITM IP_SPOOFING
6.0,0.0,2,1, 206, 20.363636363636363,1,1,MITM IP_SPOOFING
8.0,0.0,2,1, 208, 21.09090909090909,1,1,MITM IP_SPOOFING
14.0,0.0,2,1, 208, 21.09090909090909,1,1,MITM IP_SPOOFING
10.0,0.0,0,0, 210, 20.363636363636363,1,1,MITM IP_SPOOFING
10.0,2.0,4,1, 210, 20.363636363636363,1,1,MITM IP_SPOOFING
14.0,0.0,4,1, 210, 20.363636363636363,1,1,MITM IP_SPOOFING
10.0,0.0,4,1, 210, 19.636363636363637,1,1,MITM IP_SPOOFING
6.0,0.0,2,1, 212, 19.636363636363637,1,1,MITM IP_SPOOFING
10.0,0.0,2,1, 0, 1.4545454545454546,1,1,MITM IP_SPOOFING
14.0,0.0,2,1, 53, 57.81818181818182,1,1,MITM IP_SPOOFING
9.0,0.0,1,1, 136, 90.54545454545455,1,1,MITM IP_SPOOFING
8.0,1.0,2,1, 244, 61.45454545454545,1,1,MITM IP_SPOOFING
8.0,0.0,2,1, 244, 19.636363636363637,1,1,MITM IP_SPOOFING
9.0,0.0,3,1, 244, 21.09090909090909,1,1,MITM IP_SPOOFING
16.0,0.0,2,1, 244, 20.363636363636363,1,1,MITM IP_SPOOFING
12.0,0.0,2,1, 244, 21.09090909090909,1,1,MITM IP_SPOOFING
18.0,0.0,2,1, 244, 20.363636363636363,1,1,MITM IP_SPOOFING
10.0,0.0,2,1, 244, 21.09090909090909,1,1,MITM IP_SPOOFING
16.0,0.0,0,0, 244, 19.636363636363637,1,1,MITM IP_SPOOFING
8.0,0.0,0,0, 244, 19.636363636363637,1,1,MITM IP_SPOOFING
8.0,0.0,0,0, 244, 21.818181818181817,1,1,MITM IP_SPOOFING
10.0,0.0,2,1, 244, 20.363636363636363,1,1,MITM IP_SPOOFING
10.0,0.0,2,1, 244, 21.09090909090909,1,1,MITM IP_SPOOFING
14.0,0.0,2,1, 244, 20.363636363636363,1,1,MITM IP_SPOOFING
10.0,0.0,2,1, 244, 21.09090909090909,1,1,MITM IP_SPOOFING
11.0,0.0,3,1, 246, 21.09090909090909,1,1,MITM IP_SPOOFING
7.0,0.0,3,1, 247, 20.0,1,1,MITM IP_SPOOFING
7.0,0.0,3,1, 248, 21.454545454545453,1,1,MITM IP_SPOOFING
10.0,0.0,2,1, 248, 20.363636363636363,1,1,MITM IP_SPOOFING
8.0,0.0,2,1, 248, 20.363636363636363,1,1,MITM IP_SPOOFING
8.0,0.0,2,1, 248, 21.09090909090909,1,1,MITM IP_SPOOFING
10.0,0.0,2,1, 248, 21.818181818181817,1,1,MITM IP_SPOOFING
8.0,0.0,2,1, 248, 19.636363636363637,1,1,MITM IP_SPOOFING
8.0,0.0,2,1, 248, 20.363636363636363,1,1,MITM IP_SPOOFING
6.0,0.0,2,1, 248, 21.09090909090909,1,1,MITM IP_SPOOFING
10.0,0.0,2,1, 248, 20.363636363636363,1,1,MITM IP_SPOOFING
6.0,0.0,2,1, 248, 21.09090909090909,1,1,MITM IP_SPOOFING
16.0,0.0,2,1, 248, 20.363636363636363,1,1,MITM IP_SPOOFING
11.0,1.0,1,1, 250, 21.818181818181817,1,1,MITM IP_SPOOFING
11.0,0.0,1,1, 250, 20.363636363636363,1,1,MITM IP_SPOOFING
5.0,0.0,1,1, 250, 20.363636363636363,1,1,MITM IP_SPOOFING
7.0,1.0,3,1, 253, 21.454545454545453,1,1,MITM IP_SPOOFING
13.0,0.0,3,1, 254, 20.0,1,1,MITM IP_SPOOFING
9.0,0.0,3,1, 256, 21.09090909090909,1,1,MITM IP_SPOOFING
10.0,0.0,2,1, 256, 21.09090909090909,1,1,MITM IP_SPOOFING
8.0,0.0,2,1, 256, 21.818181818181817,1,1,MITM IP_SPOOFING
12.0,0.0,2,1, 256, 19.636363636363637,1,1,MITM IP_SPOOFING
8.0,1.0,2,1, 256, 20.363636363636363,1,1,MITM IP_SPOOFING
7.0,0.0,3,1, 258, 21.09090909090909,1,1,MITM IP_SPOOFING
7.0,0.0,3,1, 258, 19.636363636363637,1,1,MITM IP_SPOOFING
6.0,0.0,2,1, 258, 20.363636363636363,1,1,MITM IP_SPOOFING
12.0,0.0,2,1, 258, 21.09090909090909,1,1,MITM IP_SPOOFING
12.0,0.0,2,1, 258, 21.818181818181817,1,1,MITM IP_SPOOFING
18.0,0.0,2,1, 258, 19.636363636363637,1,1,MITM IP_SPOOFING
12.0,0.0,2,1, 258, 21.09090909090909,1,1,MITM IP_SPOOFING
16.0,0.0,2,1, 258, 20.363636363636363,1,1,MITM IP_SPOOFING
10.0,0.0,2,1, 258, 17.454545454545453,1,1,MITM IP_SPOOFING
4.0,0.0,0,0, 63, 70.18181818181819,1,1,MITM IP_SPOOFING
11.0,0.0,-1,0, 146, 90.54545454545455,1,1,MITM IP_SPOOFING
10.0,1.0,2,1, 247, 56.0,1,1,MITM IP_SPOOFING
10.0,0.0,2,1, 249, 21.818181818181817,1,1,MITM IP_SPOOFING
11.0,0.0,3,1, 249, 19.636363636363637,1,1,MITM IP_SPOOFING
10.0,0.0,2,1, 249, 21.818181818181817,1,1,MITM IP_SPOOFING
14.0,0.0,2,1, 249, 20.363636363636363,1,1,MITM IP_SPOOFING
6.0,0.0,2,1, 249, 21.09090909090909,1,1,MITM IP_SPOOFING
6.0,0.0,2,1, 249, 19.636363636363637,1,1,MITM IP_SPOOFING
6.0,0.0,2,1, 249, 21.09090909090909,1,1,MITM IP_SPOOFING
10.0,0.0,2,1, 249, 20.363636363636363,1,1,MITM IP_SPOOFING
10.0,0.0,0,0, 249, 19.636363636363637,1,1,MITM IP_SPOOFING
12.0,0.0,0,0, 249, 21.818181818181817,1,1,MITM IP_SPOOFING
8.0,0.0,0,0, 249, 20.363636363636363,1,1,MITM IP_SPOOFING
8.0,0.0,2,1, 249, 20.363636363636363,1,1,MITM IP_SPOOFING
6.0,0.0,2,1, 251, 21.09090909090909,1,1,MITM IP_SPOOFING
7.0,0.0,1,1, 255, 21.454545454545453,1,1,MITM IP_SPOOFING
9.0,0.0,1,1, 255, 21.09090909090909,1,1,MITM IP_SPOOFING
13.0,0.0,1,1, 255, 20.363636363636363,1,1,MITM IP_SPOOFING
8.0,0.0,2,1, 255, 19.636363636363637,1,1,MITM IP_SPOOFING
10.0,0.0,2,1, 255, 20.363636363636363,1,1,MITM IP_SPOOFING
10.0,0.0,2,1, 255, 21.09090909090909,1,1,MITM IP_SPOOFING
12.0,0.0,0,0, 255, 20.363636363636363,1,1,MITM IP_SPOOFING
4.0,0.0,0,0, 255, 21.818181818181817,1,1,MITM IP_SPOOFING
8.0,0.0,0,0, 255, 19.636363636363637,1,1,MITM IP_SPOOFING
10.0,0.0,2,1, 255, 19.636363636363637,1,1,MITM IP_SPOOFING
14.0,0.0,2,1, 255, 19.636363636363637,1,1,MITM IP_SPOOFING
14.0,0.0,2,1, 255, 21.09090909090909,1,1,MITM IP_SPOOFING
16.0,0.0,2,1, 255, 20.363636363636363,1,1,MITM IP_SPOOFING
14.0,0.0,2,1, 255, 19.636363636363637,1,1,MITM IP_SPOOFING
14.0,0.0,2,1, 255, 21.818181818181817,1,1,MITM IP_SPOOFING
8.0,0.0,2,1, 255, 19.636363636363637,1,1,MITM IP_SPOOFING
6.0,0.0,2,1, 255, 21.818181818181817,1,1,MITM IP_SPOOFING
10.0,0.0,2,1, 255, 19.636363636363637,1,1,MITM IP_SPOOFING
10.0,0.0,2,1, 255, 20.363636363636363,1,1,MITM IP_SPOOFING
10.0,0.0,2,1, 255, 20.363636363636363,1,1,MITM IP_SPOOFING
12.0,0.0,2,1, 255, 19.636363636363637,1,1,MITM IP_SPOOFING
8.0,0.0,2,1, 255, 21.818181818181817,1,1,MITM IP_SPOOFING
12.0,0.0,2,1, 255, 19.636363636363637,1,1,MITM IP_SPOOFING
10.0,2.0,4,1, 258, 21.09090909090909,1,1,MITM IP_SPOOFING
10.0,0.0,4,1, 258, 20.363636363636363,1,1,MITM IP_SPOOFING
10.0,0.0,4,1, 258, 20.363636363636363,1,1,MITM IP_SPOOFING
8.0,0.0,2,1, 258, 20.363636363636363,1,1,MITM IP_SPOOFING
12.0,0.0,2,1, 258, 19.636363636363637,1,1,MITM IP_SPOOFING
8.0,0.0,2,1, 258, 21.818181818181817,1,1,MITM IP_SPOOFING
12.0,0.0,2,1, 258, 20.363636363636363,1,1,MITM IP_SPOOFING
8.0,0.0,2,1, 258, 21.09090909090909,1,1,MITM IP_SPOOFING
14.0,0.0,2,1, 258, 11.636363636363637,1,1,MITM IP_SPOOFING
10.0,0.0,2,1, 35, 38.18181818181818,1,1,MITM IP_SPOOFING
8.0,0.0,2,1, 117, 89.45454545454545,1,1,MITM IP_SPOOFING
12.0,1.0,2,1, 200, 92.0,1,1,MITM IP_SPOOFING
10.0,0.0,2,1, 247, 22.181818181818183,1,1,MITM IP_SPOOFING
8.0,0.0,2,1, 248, 21.454545454545453,1,1,MITM IP_SPOOFING
12.0,0.0,2,1, 248, 19.636363636363637,1,1,MITM IP_SPOOFING
12.0,0.0,2,1, 248, 20.363636363636363,1,1,MITM IP_SPOOFING
14.0,0.0,2,1, 248, 20.363636363636363,1,1,MITM IP_SPOOFING
14.0,0.0,2,1, 248, 20.363636363636363,1,1,MITM IP_SPOOFING
14.0,0.0,2,1, 248, 21.09090909090909,1,1,MITM IP_SPOOFING
12.0,0.0,0,0, 248, 20.363636363636363,1,1,MITM IP_SPOOFING
10.0,0.0,0,0, 248, 21.09090909090909,1,1,MITM IP_SPOOFING
12.0,0.0,0,0, 248, 19.636363636363637,1,1,MITM IP_SPOOFING
10.0,0.0,2,1, 248, 20.363636363636363,1,1,MITM IP_SPOOFING
8.0,0.0,2,1, 248, 20.363636363636363,1,1,MITM IP_SPOOFING
10.0,0.0,2,1, 248, 19.636363636363637,1,1,MITM IP_SPOOFING
10.0,0.0,2,1, 248, 21.818181818181817,1,1,MITM IP_SPOOFING
10.0,0.0,2,1, 248, 20.363636363636363,1,1,MITM IP_SPOOFING
6.0,0.0,2,1, 250, 21.09090909090909,1,1,MITM IP_SPOOFING
14.0,0.0,2,1, 250, 20.363636363636363,1,1,MITM IP_SPOOFING
12.0,0.0,2,1, 250, 20.363636363636363,1,1,MITM IP_SPOOFING
12.0,0.0,2,1, 250, 20.363636363636363,1,1,MITM IP_SPOOFING
6.0,0.0,2,1, 250, 19.636363636363637,1,1,MITM IP_SPOOFING
6.0,0.0,2,1, 250, 21.818181818181817,1,1,MITM IP_SPOOFING
10.0,0.0,2,1, 250, 20.363636363636363,1,1,MITM IP_SPOOFING
6.0,0.0,2,1, 252, 21.09090909090909,1,1,MITM IP_SPOOFING
6.0,0.0,2,1, 252, 20.363636363636363,1,1,MITM IP_SPOOFING
12.0,0.0,2,1, 252, 20.363636363636363,1,1,MITM IP_SPOOFING
16.0,0.0,2,1, 252, 20.363636363636363,1,1,MITM IP_SPOOFING
12.0,0.0,2,1, 252, 19.636363636363637,1,1,MITM IP_SPOOFING
10.0,0.0,2,1, 252, 21.818181818181817,1,1,MITM IP_SPOOFING
10.0,0.0,2,1, 252, 20.363636363636363,1,1,MITM IP_SPOOFING
6.0,0.0,2,1, 252, 21.09090909090909,1,1,MITM IP_SPOOFING
4.0,0.0,0,0, 252, 19.636363636363637,1,1,MITM IP_SPOOFING
6.0,0.0,0,0, 252, 20.363636363636363,1,1,MITM IP_SPOOFING
12.0,2.0,4,1, 252, 20.363636363636363,1,1,MITM IP_SPOOFING
16.0,0.0,4,1, 252, 20.363636363636363,1,1,MITM IP_SPOOFING
10.0,0.0,4,1, 252, 21.09090909090909,1,1,MITM IP_SPOOFING
10.0,0.0,2,1, 252, 20.363636363636363,1,1,MITM IP_SPOOFING
6.0,0.0,2,1, 254, 21.09090909090909,1,1,MITM IP_SPOOFING
12.0,0.0,2,1, 254, 21.09090909090909,1,1,MITM IP_SPOOFING
8.0,0.0,2,1, 254, 19.636363636363637,1,1,MITM IP_SPOOFING
12.0,0.0,2,1, 254, 20.363636363636363,1,1,MITM IP_SPOOFING
14.0,0.0,2,1, 254, 19.636363636363637,1,1,MITM IP_SPOOFING
10.0,0.0,0,0, 254, 21.818181818181817,1,1,MITM IP_SPOOFING
18.0,0.0,2,1, 254, 21.818181818181817,1,1,MITM IP_SPOOFING
10.0,0.0,2,1, 254, 19.636363636363637,1,1,MITM IP_SPOOFING
18.0,0.0,2,1, 254, 20.363636363636363,1,1,MITM IP_SPOOFING
10.0,0.0,2,1, 254, 20.363636363636363,1,1,MITM IP_SPOOFING
12.0,0.0,2,1, 0, 0.0,1,1,MITM IP_SPOOFING
8.0,0.0,2,1, 0, 0.0,1,1,MITM IP_SPOOFING
8.0,0.0,2,1, 2, 1.4545454545454546,1,1,MITM IP_SPOOFING
17.0,1.0,3,1, 0, 0.0,1,1,MITM IP_SPOOFING
13.0,0.0,1,1, 2, 1.4545454545454546,1,1,MITM IP_SPOOFING
13.0,0.0,1,1, 0, 0.7272727272727273,1,1,MITM IP_SPOOFING
8.0,0.0,0,0, 0, 0.0,1,1,MITM IP_SPOOFING
8.0,0.0,2,1, 84, 89.45454545454545,1,1,MITM IP_SPOOFING
15.0,0.0,1,1, 167, 90.54545454545455,1,1,MITM IP_SPOOFING
10.0,1.0,2,1, 243, 89.45454545454545,1,1,MITM IP_SPOOFING
16.0,0.0,2,1, 243, 19.636363636363637,1,1,MITM IP_SPOOFING
12.0,0.0,2,1, 243, 21.818181818181817,1,1,MITM IP_SPOOFING
14.0,0.0,2,1, 243, 19.636363636363637,1,1,MITM IP_SPOOFING
8.0,0.0,2,1, 243, 20.363636363636363,1,1,MITM IP_SPOOFING
6.0,0.0,2,1, 243, 20.363636363636363,1,1,MITM IP_SPOOFING
6.0,0.0,2,1, 243, 20.363636363636363,1,1,MITM IP_SPOOFING
18.0,1.0,2,1, 24, 26.181818181818183,1,1,MITM IP_SPOOFING
11.0,0.0,3,1, 95, 78.18181818181819,1,1,MITM IP_SPOOFING
13.0,1.0,3,1, 167, 79.27272727272727,1,1,MITM IP_SPOOFING
8.0,0.0,2,1, 217, 39.27272727272727,1,1,MITM IP_SPOOFING
6.0,0.0,0,0, 218, 20.727272727272727,1,1,MITM IP_SPOOFING
8.0,28.0,2,1, 218, 20.363636363636363,1,1,MITM IP_SPOOFING
13.0,172.0,3,1, 220, 21.818181818181817,1,1,MITM IP_SPOOFING
73.0,189.0,3,1, 220, 20.363636363636363,1,1,MITM IP_SPOOFING
123.0,159.0,3,1, 220, 21.09090909090909,1,1,MITM IP_SPOOFING
152.0,184.0,2,1, 220, 20.363636363636363,1,1,MITM IP_SPOOFING
96.0,184.0,2,1, 220, 19.636363636363637,1,1,MITM IP_SPOOFING
58.0,172.0,2,1, 220, 21.818181818181817,1,1,MITM IP_SPOOFING
48.0,177.0,2,1, 220, 19.636363636363637,1,1,MITM IP_SPOOFING
48.0,155.0,2,1, 220, 21.818181818181817,1,1,MITM IP_SPOOFING
48.0,47.0,2,1, 220, 19.636363636363637,1,1,MITM IP_SPOOFING
44.0,0.0,2,1, 220, 20.363636363636363,1,1,MITM IP_SPOOFING
28.0,0.0,2,1, 220, 21.09090909090909,1,1,MITM IP_SPOOFING
12.0,0.0,0,0, 220, 19.636363636363637,1,1,MITM IP_SPOOFING
4.0,0.0,0,0, 220, 21.818181818181817,1,1,MITM IP_SPOOFING
8.0,0.0,2,1, 220, 19.636363636363637,1,1,MITM IP_SPOOFING
8.0,0.0,2,1, 220, 21.09090909090909,1,1,MITM IP_SPOOFING
8.0,0.0,2,1, 220, 20.363636363636363,1,1,MITM IP_SPOOFING
12.0,72.0,2,1, 220, 20.363636363636363,1,1,MITM IP_SPOOFING
10.0,185.0,2,1, 220, 20.363636363636363,1,1,MITM IP_SPOOFING
68.0,173.0,2,1, 220, 19.636363636363637,1,1,MITM IP_SPOOFING
116.0,146.0,2,1, 221, 21.454545454545453,1,1,MITM IP_SPOOFING
136.0,195.0,2,1, 222, 20.0,1,1,MITM IP_SPOOFING
80.0,199.0,2,1, 222, 21.818181818181817,1,1,MITM IP_SPOOFING
64.0,167.0,2,1, 222, 19.636363636363637,1,1,MITM IP_SPOOFING
58.0,163.0,2,1, 222, 20.363636363636363,1,1,MITM IP_SPOOFING
36.0,156.0,2,1, 224, 21.09090909090909,1,1,MITM IP_SPOOFING
54.0,23.0,2,1, 224, 19.636363636363637,1,1,MITM IP_SPOOFING
48.0,0.0,2,1, 224, 21.09090909090909,1,1,MITM IP_SPOOFING
36.0,0.0,2,1, 225, 20.0,1,1,MITM IP_SPOOFING
18.0,0.0,2,1, 225, 21.09090909090909,1,1,MITM IP_SPOOFING
8.0,0.0,2,1, 225, 19.636363636363637,1,1,MITM IP_SPOOFING
8.0,0.0,2,1, 225, 20.363636363636363,1,1,MITM IP_SPOOFING
4.0,0.0,2,1, 225, 20.363636363636363,1,1,MITM IP_SPOOFING
6.0,0.0,2,1, 225, 19.636363636363637,1,1,MITM IP_SPOOFING
6.0,83.0,2,1, 225, 21.818181818181817,1,1,MITM IP_SPOOFING
20.0,174.0,-4,0, 226, 20.0,1,1,MITM IP_SPOOFING
110.0,174.0,2,1, 227, 21.454545454545453,1,1,MITM IP_SPOOFING
128.0,212.0,0,0, 227, 20.363636363636363,1,1,MITM IP_SPOOFING
120.0,147.0,0,0, 227, 21.09090909090909,1,1,MITM IP_SPOOFING
66.0,187.0,0,0, 227, 20.363636363636363,1,1,MITM IP_SPOOFING
64.0,191.0,2,1, 227, 20.363636363636363,1,1,MITM IP_SPOOFING
60.0,146.0,2,1, 227, 21.09090909090909,1,1,MITM IP_SPOOFING
62.0,167.0,2,1, 227, 20.363636363636363,1,1,MITM IP_SPOOFING
50.0,4.0,2,1, 227, 21.09090909090909,1,1,MITM IP_SPOOFING
28.0,0.0,2,1, 227, 20.363636363636363,1,1,MITM IP_SPOOFING
50.0,168.0,2,1, 0, 48.72727272727273,1,1,MITM IP_SPOOFING
8.0,0.0,2,1, 0, 0.7272727272727273,1,1,MITM IP_SPOOFING
10.0,0.0,2,1, 61, 66.54545454545455,1,1,MITM IP_SPOOFING
9.0,0.0,1,1, 136, 86.18181818181819,1,1,MITM IP_SPOOFING
16.0,2.0,2,1, 214, 84.36363636363636,1,1,MITM IP_SPOOFING
11.0,172.0,3,1, 235, 20.363636363636363,1,1,MITM IP_SPOOFING
51.0,187.0,3,1, 235, 21.09090909090909,1,1,MITM IP_SPOOFING
119.0,193.0,3,1, 235, 19.636363636363637,1,1,MITM IP_SPOOFING
141.0,152.0,3,1, 237, 21.09090909090909,1,1,MITM IP_SPOOFING
105.0,185.0,3,1, 237, 19.636363636363637,1,1,MITM IP_SPOOFING
56.0,197.0,2,1, 237, 21.818181818181817,1,1,MITM IP_SPOOFING
50.0,197.0,0,0, 237, 19.636363636363637,1,1,MITM IP_SPOOFING
54.0,174.0,0,0, 239, 21.09090909090909,1,1,MITM IP_SPOOFING
70.0,104.0,0,0, 239, 21.09090909090909,1,1,MITM IP_SPOOFING
74.0,0.0,2,1, 239, 20.363636363636363,1,1,MITM IP_SPOOFING
40.0,0.0,2,1, 239, 19.636363636363637,1,1,MITM IP_SPOOFING
24.0,0.0,2,1, 239, 19.636363636363637,1,1,MITM IP_SPOOFING
10.0,0.0,2,1, 239, 21.818181818181817,1,1,MITM IP_SPOOFING
12.0,0.0,2,1, 239, 19.636363636363637,1,1,MITM IP_SPOOFING
10.0,0.0,2,1, 239, 21.09090909090909,1,1,MITM IP_SPOOFING
12.0,0.0,2,1, 239, 20.363636363636363,1,1,MITM IP_SPOOFING
10.0,34.0,2,1, 239, 19.636363636363637,1,1,MITM IP_SPOOFING
10.0,166.0,2,1, 239, 20.363636363636363,1,1,MITM IP_SPOOFING
58.0,186.0,2,1, 239, 19.636363636363637,1,1,MITM IP_SPOOFING
116.0,169.0,2,1, 239, 21.818181818181817,1,1,MITM IP_SPOOFING
140.0,153.0,2,1, 239, 19.636363636363637,1,1,MITM IP_SPOOFING
90.0,162.0,2,1, 239, 20.363636363636363,1,1,MITM IP_SPOOFING
60.0,174.0,2,1, 239, 21.09090909090909,1,1,MITM IP_SPOOFING
70.0,214.0,2,1, 239, 19.636363636363637,1,1,MITM IP_SPOOFING
64.0,178.0,2,1, 239, 19.636363636363637,1,1,MITM IP_SPOOFING
54.0,63.0,2,1, 239, 19.636363636363637,1,1,MITM IP_SPOOFING
43.0,1.0,1,1, 241, 21.818181818181817,1,1,MITM IP_SPOOFING
35.0,0.0,1,1, 241, 20.363636363636363,1,1,MITM IP_SPOOFING
21.0,0.0,3,1, 241, 21.09090909090909,1,1,MITM IP_SPOOFING
8.0,0.0,2,1, 241, 20.363636363636363,1,1,MITM IP_SPOOFING
6.0,0.0,2,1, 241, 21.818181818181817,1,1,MITM IP_SPOOFING
6.0,0.0,2,1, 241, 19.636363636363637,1,1,MITM IP_SPOOFING
8.0,0.0,2,1, 241, 20.363636363636363,1,1,MITM IP_SPOOFING
10.0,36.0,2,1, 241, 20.363636363636363,1,1,MITM IP_SPOOFING
16.0,101.0,2,1, 243, 20.363636363636363,1,1,MITM IP_SPOOFING
40.0,75.0,2,1, 243, 21.09090909090909,1,1,MITM IP_SPOOFING
84.0,68.0,2,1, 243, 20.363636363636363,1,1,MITM IP_SPOOFING
72.0,80.0,2,1, 244, 20.727272727272727,1,1,MITM IP_SPOOFING
16.0,74.0,2,1, 245, 20.0,1,1,MITM IP_SPOOFING
28.0,88.0,2,1, 245, 20.363636363636363,1,1,MITM IP_SPOOFING
24.0,84.0,2,1, 245, 19.636363636363637,1,1,MITM IP_SPOOFING
16.0,56.0,2,1, 245, 20.363636363636363,1,1,MITM IP_SPOOFING
22.0,6.0,2,1, 247, 21.09090909090909,1,1,MITM IP_SPOOFING
24.0,0.0,2,1, 247, 21.09090909090909,1,1,MITM IP_SPOOFING
20.0,0.0,2,1, 247, 21.818181818181817,1,1,MITM IP_SPOOFING
14.0,0.0,2,1, 247, 13.090909090909092,1,1,MITM IP_SPOOFING
49.0,162.0,3,1, 0, 46.54545454545455,1,1,MITM IP_SPOOFING
25.0,201.0,3,1, 0, 56.0,1,1,MITM IP_SPOOFING
49.0,145.0,3,1, 2, 57.45454545454545,1,1,MITM IP_SPOOFING
68.0,0.0,2,1, 2, 8.0,1,1,MITM IP_SPOOFING
9.0,0.0,3,1, 49, 52.0,1,1,MITM IP_SPOOFING
12.0,0.0,2,1, 203, 84.0,1,1,MITM IP_SPOOFING
8.0,163.0,2,1, 232, 62.90909090909091,1,1,MITM IP_SPOOFING
76.0,197.0,2,1, 232, 20.363636363636363,1,1,MITM IP_SPOOFING
114.0,173.0,2,1, 233, 21.454545454545453,1,1,MITM IP_SPOOFING
122.0,208.0,2,1, 234, 19.636363636363637,1,1,MITM IP_SPOOFING
48.0,198.0,2,1, 234, 21.818181818181817,1,1,MITM IP_SPOOFING
52.0,175.0,2,1, 234, 20.363636363636363,1,1,MITM IP_SPOOFING
37.0,214.0,3,1, 236, 21.09090909090909,1,1,MITM IP_SPOOFING
67.0,131.0,3,1, 236, 21.09090909090909,1,1,MITM IP_SPOOFING
69.0,0.0,3,1, 236, 21.09090909090909,1,1,MITM IP_SPOOFING
42.0,0.0,2,1, 236, 20.363636363636363,1,1,MITM IP_SPOOFING
10.0,0.0,2,1, 237, 21.454545454545453,1,1,MITM IP_SPOOFING
6.0,0.0,2,1, 237, 19.636363636363637,1,1,MITM IP_SPOOFING
2.0,0.0,0,0, 237, 21.09090909090909,1,1,MITM IP_SPOOFING
4.0,0.0,0,0, 237, 20.363636363636363,1,1,MITM IP_SPOOFING
6.0,0.0,0,0, 237, 19.636363636363637,1,1,MITM IP_SPOOFING
10.0,87.0,2,1, 237, 21.818181818181817,1,1,MITM IP_SPOOFING
14.0,176.0,2,1, 237, 20.363636363636363,1,1,MITM IP_SPOOFING
104.0,182.0,2,1, 239, 21.09090909090909,1,1,MITM IP_SPOOFING
146.0,188.0,2,1, 239, 20.363636363636363,1,1,MITM IP_SPOOFING
124.0,148.0,2,1, 239, 20.363636363636363,1,1,MITM IP_SPOOFING
66.0,178.0,2,1, 239, 20.363636363636363,1,1,MITM IP_SPOOFING
24.0,173.0,2,1, 239, 20.363636363636363,1,1,MITM IP_SPOOFING
26.0,190.0,2,1, 239, 21.09090909090909,1,1,MITM IP_SPOOFING
38.0,167.0,2,1, 239, 20.363636363636363,1,1,MITM IP_SPOOFING
60.0,9.0,2,1, 239, 21.09090909090909,1,1,MITM IP_SPOOFING
64.0,0.0,2,1, 239, 20.363636363636363,1,1,MITM IP_SPOOFING
42.0,0.0,2,1, 239, 21.09090909090909,1,1,MITM IP_SPOOFING
8.0,0.0,2,1, 239, 20.363636363636363,1,1,MITM IP_SPOOFING
6.0,0.0,2,1, 239, 19.636363636363637,1,1,MITM IP_SPOOFING
6.0,0.0,2,1, 241, 21.09090909090909,1,1,MITM IP_SPOOFING
6.0,0.0,2,1, 241, 20.363636363636363,1,1,MITM IP_SPOOFING
10.0,0.0,2,1, 241, 21.09090909090909,1,1,MITM IP_SPOOFING
14.0,156.0,0,0, 243, 20.0,1,1,MITM IP_SPOOFING
50.0,191.0,0,0, 243, 20.363636363636363,1,1,MITM IP_SPOOFING
114.0,163.0,2,1, 243, 21.09090909090909,1,1,MITM IP_SPOOFING
133.0,210.0,3,1, 243, 19.636363636363637,1,1,MITM IP_SPOOFING
101.0,146.0,3,1, 245, 20.363636363636363,1,1,MITM IP_SPOOFING
57.0,179.0,3,1, 245, 20.363636363636363,1,1,MITM IP_SPOOFING
62.0,207.0,2,1, 245, 21.09090909090909,1,1,MITM IP_SPOOFING
60.0,164.0,2,1, 245, 19.636363636363637,1,1,MITM IP_SPOOFING
58.0,120.0,2,1, 245, 21.818181818181817,1,1,MITM IP_SPOOFING
54.0,0.0,2,1, 245, 19.636363636363637,1,1,MITM IP_SPOOFING
44.0,0.0,2,1, 245, 21.09090909090909,1,1,MITM IP_SPOOFING
22.0,0.0,2,1, 245, 19.636363636363637,1,1,MITM IP_SPOOFING
16.0,0.0,2,1, 245, 20.363636363636363,1,1,MITM IP_SPOOFING
7.0,1.0,3,1, 245, 4.363636363636363,1,1,MITM IP_SPOOFING
50.0,176.0,2,1, 1, 57.81818181818182,1,1,MITM IP_SPOOFING
48.0,82.0,2,1, 1, 56.0,1,1,MITM IP_SPOOFING
66.0,0.0,2,1, 1, 56.72727272727273,1,1,MITM IP_SPOOFING
58.0,0.0,2,1, 1, 56.0,1,1,MITM IP_SPOOFING
40.0,0.0,2,1, 1, 56.0,1,1,MITM IP_SPOOFING
4.0,0.0,2,1, 1, 57.45454545454545,1,1,MITM IP_SPOOFING
6.0,0.0,2,1, 1, 56.0,1,1,MITM IP_SPOOFING
6.0,0.0,2,1, 1, 57.45454545454545,1,1,MITM IP_SPOOFING
12.0,0.0,2,1, 1, 56.0,1,1,MITM IP_SPOOFING
12.0,31.0,2,1, 1, 56.0,1,1,MITM IP_SPOOFING
14.0,182.0,2,1, 3, 57.09090909090909,1,1,MITM IP_SPOOFING
64.0,199.0,2,1, 3, 56.0,1,1,MITM IP_SPOOFING
124.0,155.0,2,1, 4, 57.09090909090909,1,1,MITM IP_SPOOFING
150.0,196.0,2,1, 4, 56.0,1,1,MITM IP_SPOOFING
90.0,157.0,2,1, 5, 57.45454545454545,1,1,MITM IP_SPOOFING
38.0,176.0,2,1, 5, 56.0,1,1,MITM IP_SPOOFING
38.0,179.0,2,1, 5, 56.0,1,1,MITM IP_SPOOFING
48.0,170.0,2,1, 5, 56.0,1,1,MITM IP_SPOOFING
78.0,66.0,2,1, 5, 56.0,1,1,MITM IP_SPOOFING
76.0,0.0,2,1, 5, 57.45454545454545,1,1,MITM IP_SPOOFING
32.0,1.0,8,1, 1, 3.6363636363636362,1,1,MITM IP_SPOOFING
17.0,0.0,3,1, 1, 69.0909090909091,1,1,MITM IP_SPOOFING
7.0,0.0,3,1, 1, 56.0,1,1,MITM IP_SPOOFING
6.0,0.0,2,1, 1, 56.72727272727273,1,1,MITM IP_SPOOFING
4.0,0.0,2,1, 1, 56.72727272727273,1,1,MITM IP_SPOOFING
8.0,0.0,2,1, 1, 56.0,1,1,MITM IP_SPOOFING
8.0,0.0,2,1, 1, 57.45454545454545,1,1,MITM IP_SPOOFING
16.0,100.0,2,1, 1, 56.0,1,1,MITM IP_SPOOFING
11.0,216.0,3,1, 3, 57.45454545454545,1,1,MITM IP_SPOOFING
117.0,182.0,3,1, 3, 56.0,1,1,MITM IP_SPOOFING
142.0,179.0,4,1, 5, 57.45454545454545,1,1,MITM IP_SPOOFING
109.0,198.0,3,1, 5, 56.0,1,1,MITM IP_SPOOFING
45.0,188.0,3,1, 5, 56.72727272727273,1,1,MITM IP_SPOOFING
54.0,131.0,2,1, 5, 56.72727272727273,1,1,MITM IP_SPOOFING
56.0,196.0,2,1, 5, 56.0,1,1,MITM IP_SPOOFING
60.0,113.0,2,1, 5, 57.45454545454545,1,1,MITM IP_SPOOFING
70.0,0.0,2,1, 5, 56.0,1,1,MITM IP_SPOOFING
50.0,0.0,2,1, 5, 57.45454545454545,1,1,MITM IP_SPOOFING
36.0,0.0,2,1, 5, 56.0,1,1,MITM IP_SPOOFING
10.0,0.0,2,1, 5, 56.72727272727273,1,1,MITM IP_SPOOFING
65.0,177.0,3,1, 0, 0.7272727272727273,1,1,MITM IP_SPOOFING
59.0,205.0,3,1, 2, 5.090909090909091,1,1,MITM IP_SPOOFING
55.0,198.0,3,1, 2, 56.0,1,1,MITM IP_SPOOFING
56.0,196.0,2,1, 2, 57.45454545454545,1,1,MITM IP_SPOOFING
84.0,30.0,2,1, 2, 56.0,1,1,MITM IP_SPOOFING
76.0,0.0,2,1, 2, 57.45454545454545,1,1,MITM IP_SPOOFING
60.0,0.0,2,1, 2, 56.0,1,1,MITM IP_SPOOFING
16.0,0.0,2,1, 2, 56.72727272727273,1,1,MITM IP_SPOOFING
4.0,0.0,2,1, 2, 0.0,1,1,MITM IP_SPOOFING
2.0,0.0,2,1, 4, 1.4545454545454546,1,1,MITM IP_SPOOFING
8.0,0.0,2,1, 0, 0.0,1,1,MITM IP_SPOOFING
8.0,0.0,2,1, 0, 0.7272727272727273,1,1,MITM IP_SPOOFING
7.0,173.0,3,1, 0, 0.7272727272727273,1,1,MITM IP_SPOOFING
37.0,202.0,3,1, 0, 0.0,1,1,MITM IP_SPOOFING
119.0,185.0,3,1, 0, 1.4545454545454546,1,1,MITM IP_SPOOFING
146.0,195.0,2,1, 0, 0.0,1,1,MITM IP_SPOOFING
100.0,167.0,2,1, 0, 46.54545454545455,1,1,MITM IP_SPOOFING
50.0,152.0,2,1, 0, 45.81818181818182,1,1,MITM IP_SPOOFING
26.0,189.0,2,1, 0, 47.27272727272727,1,1,MITM IP_SPOOFING
32.0,190.0,2,1, 0, 45.81818181818182,1,1,MITM IP_SPOOFING
60.0,56.0,2,1, 0, 16.727272727272727,1,1,MITM IP_SPOOFING
8.0,0.0,2,1, 0, 0.7272727272727273,1,1,MITM IP_SPOOFING
8.0,86.0,2,1, 69, 75.27272727272727,1,1,MITM IP_SPOOFING
11.0,155.0,1,1, 145, 83.63636363636364,1,1,MITM IP_SPOOFING
106.0,193.0,2,1, 223, 85.81818181818181,1,1,MITM IP_SPOOFING
130.0,183.0,2,1, 230, 20.363636363636363,1,1,MITM IP_SPOOFING
120.0,145.0,2,1, 230, 21.09090909090909,1,1,MITM IP_SPOOFING
54.0,196.0,2,1, 230, 19.636363636363637,1,1,MITM IP_SPOOFING
54.0,187.0,2,1, 232, 21.09090909090909,1,1,MITM IP_SPOOFING
66.0,160.0,2,1, 232, 21.09090909090909,1,1,MITM IP_SPOOFING
58.0,184.0,2,1, 232, 20.363636363636363,1,1,MITM IP_SPOOFING
66.0,0.0,2,1, 232, 19.636363636363637,1,1,MITM IP_SPOOFING
48.0,0.0,2,1, 232, 20.363636363636363,1,1,MITM IP_SPOOFING
40.0,0.0,2,1, 232, 21.09090909090909,1,1,MITM IP_SPOOFING
4.0,0.0,2,1, 232, 19.636363636363637,1,1,MITM IP_SPOOFING
4.0,0.0,2,1, 232, 21.09090909090909,1,1,MITM IP_SPOOFING
6.0,0.0,2,1, 232, 20.363636363636363,1,1,MITM IP_SPOOFING
8.0,0.0,2,1, 232, 20.363636363636363,1,1,MITM IP_SPOOFING
10.0,0.0,2,1, 232, 19.636363636363637,1,1,MITM IP_SPOOFING
12.0,177.0,2,1, 232, 21.818181818181817,1,1,MITM IP_SPOOFING
62.0,173.0,2,1, 232, 19.636363636363637,1,1,MITM IP_SPOOFING
118.0,198.0,2,1, 232, 21.09090909090909,1,1,MITM IP_SPOOFING
140.0,173.0,2,1, 232, 20.363636363636363,1,1,MITM IP_SPOOFING
110.0,179.0,2,1, 232, 20.363636363636363,1,1,MITM IP_SPOOFING
62.0,180.0,2,1, 234, 21.818181818181817,1,1,MITM IP_SPOOFING
68.0,179.0,2,1, 234, 20.363636363636363,1,1,MITM IP_SPOOFING
66.0,190.0,2,1, 234, 21.09090909090909,1,1,MITM IP_SPOOFING
66.0,61.0,2,1, 234, 20.363636363636363,1,1,MITM IP_SPOOFING
58.0,0.0,2,1, 234, 21.09090909090909,1,1,MITM IP_SPOOFING
46.0,0.0,2,1, 234, 19.636363636363637,1,1,MITM IP_SPOOFING
23.0,1.0,3,1, 234, 20.363636363636363,1,1,MITM IP_SPOOFING
7.0,0.0,3,1, 236, 21.818181818181817,1,1,MITM IP_SPOOFING
9.0,0.0,3,1, 236, 19.636363636363637,1,1,MITM IP_SPOOFING
6.0,0.0,2,1, 236, 20.363636363636363,1,1,MITM IP_SPOOFING
12.0,0.0,2,1, 236, 20.363636363636363,1,1,MITM IP_SPOOFING
10.0,99.0,0,0, 236, 19.636363636363637,1,1,MITM IP_SPOOFING
14.0,171.0,2,1, 236, 20.363636363636363,1,1,MITM IP_SPOOFING
103.0,182.0,3,1, 236, 20.363636363636363,1,1,MITM IP_SPOOFING
137.0,194.0,3,1, 238, 21.818181818181817,1,1,MITM IP_SPOOFING
129.0,147.0,3,1, 238, 20.363636363636363,1,1,MITM IP_SPOOFING
74.0,184.0,2,1, 238, 21.09090909090909,1,1,MITM IP_SPOOFING
56.0,203.0,2,1, 238, 20.363636363636363,1,1,MITM IP_SPOOFING
57.0,141.0,3,1, 240, 21.818181818181817,1,1,MITM IP_SPOOFING
75.0,176.0,3,1, 240, 19.636363636363637,1,1,MITM IP_SPOOFING
69.0,0.0,3,1, 240, 19.636363636363637,1,1,MITM IP_SPOOFING
50.0,0.0,2,1, 240, 19.636363636363637,1,1,MITM IP_SPOOFING
26.0,0.0,2,1, 240, 21.09090909090909,1,1,MITM IP_SPOOFING
8.0,0.0,2,1, 240, 16.0,1,1,MITM IP_SPOOFING
35.0,27.0,-1,0, 60, 66.9090909090909,1,1,MITM IP_SPOOFING
29.0,39.0,-1,0, 137, 84.0,1,1,MITM IP_SPOOFING
30.0,40.0,0,0, 214, 84.0,1,1,MITM IP_SPOOFING
40.0,29.0,2,1, 228, 20.363636363636363,1,1,MITM IP_SPOOFING
36.0,33.0,2,1, 228, 20.363636363636363,1,1,MITM IP_SPOOFING
32.0,5.0,2,1, 228, 19.636363636363637,1,1,MITM IP_SPOOFING
22.0,0.0,2,1, 228, 20.363636363636363,1,1,MITM IP_SPOOFING
12.0,0.0,2,1, 228, 20.363636363636363,1,1,MITM IP_SPOOFING
14.0,0.0,2,1, 228, 21.09090909090909,1,1,MITM IP_SPOOFING
14.0,0.0,2,1, 230, 21.818181818181817,1,1,MITM IP_SPOOFING
14.0,0.0,2,1, 230, 20.363636363636363,1,1,MITM IP_SPOOFING
14.0,0.0,0,0, 230, 20.363636363636363,1,1,MITM IP_SPOOFING
8.0,0.0,0,0, 230, 21.09090909090909,1,1,MITM IP_SPOOFING
2.0,0.0,0,0, 230, 20.363636363636363,1,1,MITM IP_SPOOFING
6.0,0.0,2,1, 230, 20.363636363636363,1,1,MITM IP_SPOOFING
10.0,0.0,2,1, 230, 21.09090909090909,1,1,MITM IP_SPOOFING
14.0,0.0,2,1, 230, 20.363636363636363,1,1,MITM IP_SPOOFING
12.0,0.0,2,1, 230, 21.09090909090909,1,1,MITM IP_SPOOFING
10.0,0.0,2,1, 230, 20.363636363636363,1,1,MITM IP_SPOOFING
6.0,0.0,2,1, 231, 20.727272727272727,1,1,MITM IP_SPOOFING
10.0,0.0,2,1, 231, 19.636363636363637,1,1,MITM IP_SPOOFING
8.0,0.0,2,1, 231, 19.636363636363637,1,1,MITM IP_SPOOFING
10.0,0.0,2,1, 231, 19.636363636363637,1,1,MITM IP_SPOOFING
10.0,0.0,2,1, 231, 21.09090909090909,1,1,MITM IP_SPOOFING
8.0,0.0,2,1, 231, 20.363636363636363,1,1,MITM IP_SPOOFING
10.0,0.0,2,1, 231, 19.636363636363637,1,1,MITM IP_SPOOFING
6.0,0.0,2,1, 231, 21.818181818181817,1,1,MITM IP_SPOOFING
8.0,0.0,0,0, 231, 19.636363636363637,1,1,MITM IP_SPOOFING
4.0,0.0,0,0, 231, 21.09090909090909,1,1,MITM IP_SPOOFING
14.0,0.0,0,0, 231, 19.636363636363637,1,1,MITM IP_SPOOFING
12.0,0.0,2,1, 231, 21.09090909090909,1,1,MITM IP_SPOOFING
12.0,0.0,2,1, 231, 20.363636363636363,1,1,MITM IP_SPOOFING
6.0,0.0,2,1, 231, 19.636363636363637,1,1,MITM IP_SPOOFING
9.0,1.0,3,1, 233, 21.09090909090909,1,1,MITM IP_SPOOFING
5.0,0.0,3,1, 0, 44.36363636363637,1,1,MITM IP_SPOOFING
8.0,0.0,2,1, 0, 56.72727272727273,1,1,MITM IP_SPOOFING
14.0,18.0,2,1, 0, 44.36363636363637,1,1,MITM IP_SPOOFING
14.0,182.0,2,1, 0, 21.09090909090909,1,1,MITM IP_SPOOFING
42.0,195.0,2,1, 1, 64.36363636363636,1,1,MITM IP_SPOOFING
56.0,169.0,2,1, 2, 56.72727272727273,1,1,MITM IP_SPOOFING
46.0,22.0,2,1, 2, 56.0,1,1,MITM IP_SPOOFING
62.0,0.0,2,1, 2, 56.0,1,1,MITM IP_SPOOFING
30.0,0.0,2,1, 3, 56.72727272727273,1,1,MITM IP_SPOOFING
24.0,0.0,2,1, 3, 56.72727272727273,1,1,MITM IP_SPOOFING
8.0,0.0,2,1, 4, 57.09090909090909,1,1,MITM IP_SPOOFING
12.0,0.0,2,1, 4, 56.72727272727273,1,1,MITM IP_SPOOFING
8.0,0.0,2,1, 4, 56.72727272727273,1,1,MITM IP_SPOOFING
12.0,0.0,2,1, 4, 56.0,1,1,MITM IP_SPOOFING
8.0,147.0,2,1, 5, 56.72727272727273,1,1,MITM IP_SPOOFING
38.0,143.0,2,1, 5, 56.0,1,1,MITM IP_SPOOFING
106.0,192.0,2,1, 7, 56.72727272727273,1,1,MITM IP_SPOOFING
138.0,115.0,2,1, 8, 56.36363636363637,1,1,MITM IP_SPOOFING
94.0,203.0,2,1, 9, 57.09090909090909,1,1,MITM IP_SPOOFING
44.0,187.0,2,1, 9, 56.0,1,1,MITM IP_SPOOFING
32.0,198.0,2,1, 9, 56.72727272727273,1,1,MITM IP_SPOOFING
40.0,138.0,2,1, 9, 56.0,1,1,MITM IP_SPOOFING
50.0,14.0,2,1, 9, 42.18181818181818,1,1,MITM IP_SPOOFING
8.0,0.0,2,1, 0, 53.81818181818182,1,1,MITM IP_SPOOFING
7.0,0.0,1,1, 0, 57.45454545454545,1,1,MITM IP_SPOOFING
12.0,137.0,2,1, 1, 38.90909090909091,1,1,MITM IP_SPOOFING
62.0,195.0,2,1, 2, 20.727272727272727,1,1,MITM IP_SPOOFING
120.0,165.0,2,1, 2, 21.09090909090909,1,1,MITM IP_SPOOFING
140.0,144.0,2,1, 3, 20.727272727272727,1,1,MITM IP_SPOOFING
80.0,193.0,2,1, 3, 21.09090909090909,1,1,MITM IP_SPOOFING
48.0,193.0,2,1, 3, 19.636363636363637,1,1,MITM IP_SPOOFING
34.0,159.0,2,1, 3, 19.636363636363637,1,1,MITM IP_SPOOFING
24.0,159.0,2,1, 3, 20.363636363636363,1,1,MITM IP_SPOOFING
28.0,61.0,2,1, 4, 20.727272727272727,1,1,MITM IP_SPOOFING
56.0,0.0,2,1, 4, 19.636363636363637,1,1,MITM IP_SPOOFING
44.0,0.0,2,1, 4, 20.363636363636363,1,1,MITM IP_SPOOFING
30.0,0.0,2,1, 4, 21.09090909090909,1,1,MITM IP_SPOOFING
4.0,0.0,2,1, 4, 20.363636363636363,1,1,MITM IP_SPOOFING
8.0,0.0,2,1, 4, 21.09090909090909,1,1,MITM IP_SPOOFING
10.0,0.0,2,1, 4, 20.363636363636363,1,1,MITM IP_SPOOFING
8.0,0.0,0,0, 4, 20.363636363636363,1,1,MITM IP_SPOOFING
8.0,85.0,0,0, 4, 19.636363636363637,1,1,MITM IP_SPOOFING
6.0,157.0,0,0, 4, 20.363636363636363,1,1,MITM IP_SPOOFING
102.0,173.0,2,1, 5, 19.636363636363637,1,1,MITM IP_SPOOFING
38.0,105.0,2,1, 1, 46.18181818181818,1,1,MITM IP_SPOOFING
66.0,0.0,2,1, 2, 46.18181818181818,1,1,MITM IP_SPOOFING
58.0,0.0,2,1, 2, 46.54545454545455,1,1,MITM IP_SPOOFING
36.0,0.0,2,1, 2, 46.54545454545455,1,1,MITM IP_SPOOFING
6.0,0.0,2,1, 2, 45.81818181818182,1,1,MITM IP_SPOOFING
4.0,0.0,2,1, 2, 47.27272727272727,1,1,MITM IP_SPOOFING
10.0,0.0,2,1, 2, 48.0,1,1,MITM IP_SPOOFING
12.0,0.0,2,1, 2, 45.81818181818182,1,1,MITM IP_SPOOFING
12.0,28.0,2,1, 2, 45.81818181818182,1,1,MITM IP_SPOOFING
10.0,180.0,2,1, 4, 46.18181818181818,1,1,MITM IP_SPOOFING
78.0,176.0,2,1, 4, 45.81818181818182,1,1,MITM IP_SPOOFING
136.0,145.0,2,1, 4, 47.27272727272727,1,1,MITM IP_SPOOFING
152.0,187.0,2,1, 4, 45.81818181818182,1,1,MITM IP_SPOOFING
56.0,211.0,2,1, 4, 46.54545454545455,1,1,MITM IP_SPOOFING
54.0,163.0,2,1, 4, 46.54545454545455,1,1,MITM IP_SPOOFING
40.0,160.0,2,1, 4, 47.27272727272727,1,1,MITM IP_SPOOFING
44.0,163.0,2,1, 4, 45.81818181818182,1,1,MITM IP_SPOOFING
52.0,21.0,2,1, 4, 48.0,1,1,MITM IP_SPOOFING
51.0,1.0,3,1, 4, 33.45454545454545,1,1,MITM IP_SPOOFING
6.0,0.0,2,1, 4, 5.090909090909091,1,1,MITM IP_SPOOFING
15.0,0.0,1,1, 4, 45.81818181818182,1,1,MITM IP_SPOOFING
16.0,1.0,2,1, 4, 44.36363636363637,1,1,MITM IP_SPOOFING
16.0,92.0,2,1, 4, 32.72727272727273,1,1,MITM IP_SPOOFING
26.0,119.0,2,1, 4, 21.09090909090909,1,1,MITM IP_SPOOFING
64.0,87.0,2,1, 4, 20.363636363636363,1,1,MITM IP_SPOOFING
92.0,105.0,2,1, 4, 19.636363636363637,1,1,MITM IP_SPOOFING
76.0,127.0,2,1, 4, 20.363636363636363,1,1,MITM IP_SPOOFING
40.0,129.0,2,1, 5, 20.0,1,1,MITM IP_SPOOFING
30.0,102.0,2,1, 6, 20.727272727272727,1,1,MITM IP_SPOOFING
21.0,111.0,3,1, 6, 20.363636363636363,1,1,MITM IP_SPOOFING
27.0,39.0,3,1, 6, 20.363636363636363,1,1,MITM IP_SPOOFING
33.0,0.0,3,1, 6, 21.09090909090909,1,1,MITM IP_SPOOFING
22.0,0.0,2,1, 6, 21.818181818181817,1,1,MITM IP_SPOOFING
24.0,0.0,2,1, 6, 19.636363636363637,1,1,MITM IP_SPOOFING
14.0,0.0,2,1, 6, 20.363636363636363,1,1,MITM IP_SPOOFING
8.0,0.0,2,1, 6, 20.363636363636363,1,1,MITM IP_SPOOFING
8.0,0.0,2,1, 6, 20.363636363636363,1,1,MITM IP_SPOOFING
6.0,0.0,2,1, 6, 19.636363636363637,1,1,MITM IP_SPOOFING
8.0,0.0,2,1, 6, 19.636363636363637,1,1,MITM IP_SPOOFING
10.0,0.0,2,1, 6, 21.818181818181817,1,1,MITM IP_SPOOFING
10.0,0.0,2,1, 6, 19.636363636363637,1,1,MITM IP_SPOOFING
12.0,0.0,2,1, 6, 21.09090909090909,1,1,MITM IP_SPOOFING
6.0,0.0,2,1, 6, 19.636363636363637,1,1,MITM IP_SPOOFING
6.0,0.0,2,1, 6, 20.363636363636363,1,1,MITM IP_SPOOFING
6.0,0.0,2,1, 6, 21.09090909090909,1,1,MITM IP_SPOOFING
10.0,0.0,2,1, 1, 26.545454545454547,1,1,MITM IP_SPOOFING
5.0,0.0,1,1, 1, 47.27272727272727,1,1,MITM IP_SPOOFING
8.0,1.0,2,1, 1, 44.36363636363637,1,1,MITM IP_SPOOFING
12.0,0.0,2,1, 1, 20.363636363636363,1,1,MITM IP_SPOOFING
7.0,0.0,3,1, 1, 20.363636363636363,1,1,MITM IP_SPOOFING
10.0,0.0,2,1, 1, 20.363636363636363,1,1,MITM IP_SPOOFING
6.0,0.0,2,1, 1, 21.09090909090909,1,1,MITM IP_SPOOFING
10.0,0.0,2,1, 1, 20.363636363636363,1,1,MITM IP_SPOOFING
8.0,0.0,2,1, 1, 21.09090909090909,1,1,MITM IP_SPOOFING
9.0,1.0,3,1, 1, 11.636363636363637,1,1,MITM IP_SPOOFING
8.0,0.0,0,0, 1, 1.4545454545454546,1,1,MITM IP_SPOOFING
9.0,0.0,1,1, 1, 45.81818181818182,1,1,MITM IP_SPOOFING
8.0,1.0,2,1, 1, 46.54545454545455,1,1,MITM IP_SPOOFING
8.0,0.0,2,1, 2, 36.72727272727273,1,1,MITM IP_SPOOFING
5.0,0.0,1,1, 3, 20.727272727272727,1,1,MITM IP_SPOOFING
4.0,1.0,2,1, 3, 21.09090909090909,1,1,MITM IP_SPOOFING
10.0,0.0,2,1, 3, 20.363636363636363,1,1,MITM IP_SPOOFING
9.0,0.0,3,1, 4, 20.363636363636363,1,1,MITM IP_SPOOFING
12.0,0.0,2,1, 4, 20.363636363636363,1,1,MITM IP_SPOOFING
8.0,0.0,2,1, 4, 20.363636363636363,1,1,MITM IP_SPOOFING
8.0,0.0,2,1, 5, 19.636363636363637,1,1,MITM IP_SPOOFING
6.0,0.0,2,1, 5, 20.363636363636363,1,1,MITM IP_SPOOFING
6.0,0.0,2,1, 5, 21.09090909090909,1,1,MITM IP_SPOOFING
12.0,0.0,2,1, 5, 20.363636363636363,1,1,MITM IP_SPOOFING
12.0,0.0,2,1, 5, 21.09090909090909,1,1,MITM IP_SPOOFING
14.0,0.0,0,0, 5, 19.636363636363637,1,1,MITM IP_SPOOFING
10.0,0.0,0,0, 5, 20.363636363636363,1,1,MITM IP_SPOOFING
12.0,0.0,0,0, 5, 19.636363636363637,1,1,MITM IP_SPOOFING
10.0,0.0,2,1, 5, 21.818181818181817,1,1,MITM IP_SPOOFING
10.0,0.0,2,1, 0, 41.45454545454545,1,1,MITM IP_SPOOFING
9.0,0.0,1,1, 0, 45.81818181818182,1,1,MITM IP_SPOOFING
8.0,0.0,2,1, 1, 36.0,1,1,MITM IP_SPOOFING
10.0,0.0,0,0, 2, 20.0,1,1,MITM IP_SPOOFING
4.0,0.0,0,0, 2, 19.636363636363637,1,1,MITM IP_SPOOFING
4.0,0.0,0,0, 2, 19.636363636363637,1,1,MITM IP_SPOOFING
6.0,0.0,2,1, 2, 21.09090909090909,1,1,MITM IP_SPOOFING
8.0,0.0,2,1, 2, 20.363636363636363,1,1,MITM IP_SPOOFING
8.0,0.0,2,1, 2, 19.636363636363637,1,1,MITM IP_SPOOFING
8.0,0.0,2,1, 2, 21.818181818181817,1,1,MITM IP_SPOOFING
6.0,0.0,2,1, 2, 19.636363636363637,1,1,MITM IP_SPOOFING
6.0,0.0,2,1, 2, 20.363636363636363,1,1,MITM IP_SPOOFING
14.0,0.0,2,1, 2, 19.636363636363637,1,1,MITM IP_SPOOFING
10.0,0.0,2,1, 2, 21.09090909090909,1,1,MITM IP_SPOOFING
12.0,0.0,2,1, 2, 20.363636363636363,1,1,MITM IP_SPOOFING
8.0,0.0,2,1, 2, 19.636363636363637,1,1,MITM IP_SPOOFING
6.0,0.0,2,1, 3, 21.454545454545453,1,1,MITM IP_SPOOFING
3.0,0.0,1,1, 4, 19.636363636363637,1,1,MITM IP_SPOOFING
4.0,1.0,2,1, 5, 22.181818181818183,1,1,MITM IP_SPOOFING
12.0,0.0,2,1, 5, 19.636363636363637,1,1,MITM IP_SPOOFING
11.0,0.0,3,1, 5, 20.363636363636363,1,1,MITM IP_SPOOFING
14.0,0.0,2,1, 5, 20.363636363636363,1,1,MITM IP_SPOOFING
4.0,0.0,0,0, 5, 21.818181818181817,1,1,MITM IP_SPOOFING
4.0,0.0,0,0, 5, 19.636363636363637,1,1,MITM IP_SPOOFING
4.0,0.0,0,0, 6, 20.0,1,1,MITM IP_SPOOFING
56.0,0.0,6,1, 0, 34.90909090909091,1,1,MITM IP_SPOOFING
41.0,0.0,3,1, 0, 46.54545454545455,1,1,MITM IP_SPOOFING
18.0,0.0,2,1, 0, 45.81818181818182,1,1,MITM IP_SPOOFING
6.0,0.0,2,1, 0, 45.81818181818182,1,1,MITM IP_SPOOFING
2.0,0.0,0,0, 0, 48.0,1,1,MITM IP_SPOOFING
70.0,169.0,2,1, 1, 25.09090909090909,1,1,MITM IP_SPOOFING
46.0,183.0,2,1, 2, 46.18181818181818,1,1,MITM IP_SPOOFING
56.0,214.0,2,1, 4, 46.18181818181818,1,1,MITM IP_SPOOFING
76.0,174.0,2,1, 4, 45.81818181818182,1,1,MITM IP_SPOOFING
76.0,21.0,2,1, 4, 47.27272727272727,1,1,MITM IP_SPOOFING
68.0,0.0,2,1, 4, 45.81818181818182,1,1,MITM IP_SPOOFING
46.0,0.0,2,1, 4, 46.54545454545455,1,1,MITM IP_SPOOFING
14.0,0.0,2,1, 4, 46.54545454545455,1,1,MITM IP_SPOOFING
124.0,184.0,2,1, 122, 68.72727272727273,1,1,MITM IP_SPOOFING
134.0,181.0,0,0, 160, 45.09090909090909,1,1,MITM IP_SPOOFING
93.0,161.0,-1,0, 160, 38.54545454545455,1,1,MITM IP_SPOOFING
42.0,204.0,0,0, 160, 21.09090909090909,1,1,MITM IP_SPOOFING
42.0,204.0,2,1, 160, 20.363636363636363,1,1,MITM IP_SPOOFING
58.0,164.0,2,1, 160, 19.636363636363637,1,1,MITM IP_SPOOFING
70.0,55.0,2,1, 160, 19.636363636363637,1,1,MITM IP_SPOOFING
80.0,0.0,2,1, 160, 20.363636363636363,1,1,MITM IP_SPOOFING
60.0,0.0,2,1, 160, 20.363636363636363,1,1,MITM IP_SPOOFING
36.0,0.0,2,1, 160, 20.363636363636363,1,1,MITM IP_SPOOFING
8.0,0.0,2,1, 160, 21.09090909090909,1,1,MITM IP_SPOOFING
8.0,0.0,2,1, 160, 20.363636363636363,1,1,MITM IP_SPOOFING
9.0,1.0,3,1, 162, 21.09090909090909,1,1,MITM IP_SPOOFING
13.0,0.0,3,1, 162, 20.363636363636363,1,1,MITM IP_SPOOFING
9.0,79.0,3,1, 162, 20.363636363636363,1,1,MITM IP_SPOOFING
18.0,170.0,2,1, 162, 19.636363636363637,1,1,MITM IP_SPOOFING
96.0,190.0,2,1, 162, 20.363636363636363,1,1,MITM IP_SPOOFING
142.0,161.0,2,1, 163, 20.727272727272727,1,1,MITM IP_SPOOFING
112.0,164.0,2,1, 164, 19.636363636363637,1,1,MITM IP_SPOOFING
60.0,159.0,2,1, 164, 21.818181818181817,1,1,MITM IP_SPOOFING
48.0,152.0,0,0, 164, 19.636363636363637,1,1,MITM IP_SPOOFING
58.0,219.0,0,0, 164, 20.363636363636363,1,1,MITM IP_SPOOFING
62.0,125.0,0,0, 164, 19.636363636363637,1,1,MITM IP_SPOOFING
76.0,0.0,2,1, 164, 20.363636363636363,1,1,MITM IP_SPOOFING
54.0,0.0,2,1, 164, 20.363636363636363,1,1,MITM IP_SPOOFING
36.0,0.0,2,1, 164, 19.636363636363637,1,1,MITM IP_SPOOFING
6.0,0.0,2,1, 164, 21.818181818181817,1,1,MITM IP_SPOOFING
6.0,0.0,2,1, 164, 20.363636363636363,1,1,MITM IP_SPOOFING
10.0,0.0,2,1, 164, 20.363636363636363,1,1,MITM IP_SPOOFING
12.0,0.0,2,1, 164, 21.09090909090909,1,1,MITM IP_SPOOFING
14.0,31.0,2,1, 164, 21.09090909090909,1,1,MITM IP_SPOOFING
10.0,185.0,2,1, 164, 20.363636363636363,1,1,MITM IP_SPOOFING
70.0,148.0,2,1, 164, 19.636363636363637,1,1,MITM IP_SPOOFING
124.0,168.0,2,1, 166, 21.09090909090909,1,1,MITM IP_SPOOFING
132.0,204.0,2,1, 166, 20.363636363636363,1,1,MITM IP_SPOOFING
74.0,186.0,2,1, 166, 21.09090909090909,1,1,MITM IP_SPOOFING
66.0,157.0,2,1, 166, 19.636363636363637,1,1,MITM IP_SPOOFING
61.0,164.0,3,1, 169, 21.454545454545453,1,1,MITM IP_SPOOFING
51.0,204.0,3,1, 170, 20.727272727272727,1,1,MITM IP_SPOOFING
67.0,6.0,3,1, 170, 21.818181818181817,1,1,MITM IP_SPOOFING
70.0,0.0,2,1, 170, 19.636363636363637,1,1,MITM IP_SPOOFING
58.0,0.0,2,1, 170, 20.363636363636363,1,1,MITM IP_SPOOFING
22.0,0.0,2,1, 170, 20.363636363636363,1,1,MITM IP_SPOOFING
10.0,0.0,2,1, 170, 19.636363636363637,1,1,MITM IP_SPOOFING
10.0,0.0,2,1, 170, 21.09090909090909,1,1,MITM IP_SPOOFING
6.0,0.0,2,1, 170, 14.545454545454545,1,1,MITM IP_SPOOFING
2.0,0.0,2,1, 170, 14.545454545454545,1,1,MITM IP_SPOOFING
8.0,181.0,2,1, 170, 12.363636363636363,1,1,MITM IP_SPOOFING
58.0,193.0,2,1, 170, 13.090909090909092,1,1,MITM IP_SPOOFING
110.0,156.0,2,1, 170, 12.363636363636363,1,1,MITM IP_SPOOFING
128.0,176.0,2,1, 170, 12.363636363636363,1,1,MITM IP_SPOOFING
106.0,142.0,2,1, 170, 6.545454545454546,1,1,MITM IP_SPOOFING
32.0,199.0,2,1, 25, 30.181818181818183,1,1,MITM IP_SPOOFING
108.0,173.0,2,1, 25, 37.81818181818182,1,1,MITM IP_SPOOFING
132.0,164.0,2,1, 25, 21.818181818181817,1,1,MITM IP_SPOOFING
106.0,181.0,0,0, 25, 19.636363636363637,1,1,MITM IP_SPOOFING
42.0,208.0,0,0, 25, 20.363636363636363,1,1,MITM IP_SPOOFING
42.0,159.0,2,1, 26, 20.0,1,1,MITM IP_SPOOFING
44.0,189.0,2,1, 27, 20.0,1,1,MITM IP_SPOOFING
84.0,120.0,2,1, 27, 21.09090909090909,1,1,MITM IP_SPOOFING
98.0,0.0,2,1, 27, 19.636363636363637,1,1,MITM IP_SPOOFING
76.0,0.0,2,1, 29, 21.818181818181817,1,1,MITM IP_SPOOFING
48.0,0.0,2,1, 29, 20.363636363636363,1,1,MITM IP_SPOOFING
24.0,0.0,2,1, 29, 21.09090909090909,1,1,MITM IP_SPOOFING
14.0,0.0,2,1, 29, 20.363636363636363,1,1,MITM IP_SPOOFING
10.0,0.0,2,1, 29, 21.818181818181817,1,1,MITM IP_SPOOFING
6.0,0.0,2,1, 29, 19.636363636363637,1,1,MITM IP_SPOOFING
10.0,29.0,2,1, 29, 19.636363636363637,1,1,MITM IP_SPOOFING
8.0,88.0,2,1, 29, 20.363636363636363,1,1,MITM IP_SPOOFING
30.0,76.0,2,1, 29, 20.363636363636363,1,1,MITM IP_SPOOFING
56.0,67.0,2,1, 29, 21.09090909090909,1,1,MITM IP_SPOOFING
70.0,81.0,2,1, 29, 20.363636363636363,1,1,MITM IP_SPOOFING
52.0,90.0,2,1, 29, 21.09090909090909,1,1,MITM IP_SPOOFING
52.0,72.0,2,1, 29, 19.636363636363637,1,1,MITM IP_SPOOFING
36.0,62.0,2,1, 29, 21.09090909090909,1,1,MITM IP_SPOOFING
18.0,44.0,2,1, 29, 18.90909090909091,1,1,MITM IP_SPOOFING
16.0,0.0,2,1, 29, 13.090909090909092,1,1,MITM IP_SPOOFING
6.0,1.0,2,1, 36, 39.27272727272727,1,1,MITM IP_SPOOFING
8.0,0.0,2,1, 119, 90.54545454545455,1,1,MITM IP_SPOOFING
7.0,1.0,3,1, 250, 56.36363636363637,1,1,MITM IP_SPOOFING
8.0,0.0,2,1, 250, 45.09090909090909,1,1,MITM IP_SPOOFING
8.0,140.0,0,0, 250, 20.363636363636363,1,1,MITM IP_SPOOFING
40.0,195.0,2,1, 250, 19.636363636363637,1,1,MITM IP_SPOOFING
104.0,167.0,2,1, 250, 21.818181818181817,1,1,MITM IP_SPOOFING
130.0,177.0,2,1, 250, 20.363636363636363,1,1,MITM IP_SPOOFING
106.0,189.0,2,1, 250, 21.09090909090909,1,1,MITM IP_SPOOFING
66.0,192.0,2,1, 250, 19.636363636363637,1,1,MITM IP_SPOOFING
66.0,185.0,2,1, 252, 20.363636363636363,1,1,MITM IP_SPOOFING
54.0,163.0,2,1, 252, 21.09090909090909,1,1,MITM IP_SPOOFING
80.0,59.0,2,1, 252, 19.636363636363637,1,1,MITM IP_SPOOFING
70.0,0.0,2,1, 252, 19.636363636363637,1,1,MITM IP_SPOOFING
36.0,0.0,2,1, 252, 20.363636363636363,1,1,MITM IP_SPOOFING
13.0,1.0,3,1, 254, 21.09090909090909,1,1,MITM IP_SPOOFING
9.0,0.0,3,1, 254, 20.363636363636363,1,1,MITM IP_SPOOFING
10.0,1.0,4,1, 256, 21.09090909090909,1,1,MITM IP_SPOOFING
11.0,0.0,3,1, 256, 21.09090909090909,1,1,MITM IP_SPOOFING
11.0,0.0,3,1, 256, 21.818181818181817,1,1,MITM IP_SPOOFING
10.0,147.0,2,1, 256, 19.636363636363637,1,1,MITM IP_SPOOFING
38.0,131.0,2,1, 256, 20.363636363636363,1,1,MITM IP_SPOOFING
106.0,182.0,2,1, 257, 20.0,1,1,MITM IP_SPOOFING
134.0,205.0,2,1, 258, 20.0,1,1,MITM IP_SPOOFING
123.0,152.0,3,1, 260, 21.09090909090909,1,1,MITM IP_SPOOFING
59.0,179.0,3,1, 260, 19.636363636363637,1,1,MITM IP_SPOOFING
56.0,217.0,2,1, 260, 21.818181818181817,1,1,MITM IP_SPOOFING
48.0,180.0,2,1, 260, 0.0,1,1,MITM IP_SPOOFING
52.0,122.0,4,1, 261, 1.8181818181818181,1,1,MITM IP_SPOOFING
59.0,0.0,3,1, 261, 0.0,1,1,MITM IP_SPOOFING
51.0,1.0,3,1, 263, 1.4545454545454546,1,1,MITM IP_SPOOFING
30.0,0.0,2,1, 263, 1.0909090909090908,1,1,MITM IP_SPOOFING
10.0,0.0,2,1, 310, 51.27272727272727,1,1,MITM IP_SPOOFING
5.0,0.0,1,1, 475, 90.54545454545455,1,1,MITM IP_SPOOFING
10.0,1.0,2,1, 508, 68.0,1,1,MITM IP_SPOOFING
12.0,0.0,2,1, 508, 20.363636363636363,1,1,MITM IP_SPOOFING
15.0,81.0,3,1, 508, 0.0,1,1,MITM IP_SPOOFING
8.0,176.0,2,1, 508, 1.4545454545454546,1,1,MITM IP_SPOOFING
66.0,197.0,2,1, 508, 0.0,1,1,MITM IP_SPOOFING
137.0,202.0,3,1, 510, 1.4545454545454546,1,1,MITM IP_SPOOFING
7.0,1.0,3,1, 3, 61.09090909090909,1,1,MITM IP_SPOOFING
5.0,0.0,3,1, 3, 61.09090909090909,1,1,MITM IP_SPOOFING
9.0,0.0,3,1, 3, 59.63636363636363,1,1,MITM IP_SPOOFING
8.0,0.0,2,1, 3, 59.63636363636363,1,1,MITM IP_SPOOFING
12.0,24.0,2,1, 3, 60.36363636363637,1,1,MITM IP_SPOOFING
8.0,139.0,2,1, 3, 61.09090909090909,1,1,MITM IP_SPOOFING
92.0,206.0,2,1, 3, 59.63636363636363,1,1,MITM IP_SPOOFING
138.0,170.0,2,1, 3, 61.81818181818182,1,1,MITM IP_SPOOFING
13.0,0.0,1,1, 75, 60.0,1,1,MITM IP_SPOOFING
12.0,29.0,0,0, 126, 62.18181818181818,1,1,MITM IP_SPOOFING
15.0,191.0,1,1, 163, 43.27272727272727,1,1,MITM IP_SPOOFING
71.0,194.0,3,1, 165, 21.818181818181817,1,1,MITM IP_SPOOFING
131.0,185.0,3,1, 165, 19.636363636363637,1,1,MITM IP_SPOOFING
138.0,168.0,2,1, 165, 19.636363636363637,1,1,MITM IP_SPOOFING
90.0,186.0,2,1, 165, 19.636363636363637,1,1,MITM IP_SPOOFING
72.0,173.0,2,1, 165, 20.363636363636363,1,1,MITM IP_SPOOFING
52.0,181.0,2,1, 165, 20.363636363636363,1,1,MITM IP_SPOOFING
52.0,140.0,2,1, 165, 20.363636363636363,1,1,MITM IP_SPOOFING
52.0,0.0,2,1, 165, 21.09090909090909,1,1,MITM IP_SPOOFING
48.0,0.0,2,1, 165, 21.818181818181817,1,1,MITM IP_SPOOFING
22.0,0.0,2,1, 165, 19.636363636363637,1,1,MITM IP_SPOOFING
2.0,0.0,0,0, 165, 19.636363636363637,1,1,MITM IP_SPOOFING
0.0,0.0,0,0, 165, 20.363636363636363,1,1,MITM IP_SPOOFING
0.0,0.0,0,0, 165, 20.363636363636363,1,1,MITM IP_SPOOFING
2.0,0.0,2,1, 165, 19.636363636363637,1,1,MITM IP_SPOOFING
10.0,35.0,2,1, 165, 19.636363636363637,1,1,MITM IP_SPOOFING
16.0,161.0,2,1, 165, 20.363636363636363,1,1,MITM IP_SPOOFING
68.0,199.0,2,1, 167, 21.09090909090909,1,1,MITM IP_SPOOFING
133.0,193.0,-1,0, 167, 20.363636363636363,1,1,MITM IP_SPOOFING
162.0,202.0,2,1, 167, 21.09090909090909,1,1,MITM IP_SPOOFING
89.0,138.0,3,1, 167, 0.0,1,1,MITM IP_SPOOFING
63.0,175.0,3,1, 167, 1.4545454545454546,1,1,MITM IP_SPOOFING
51.0,187.0,3,1, 167, 0.0,1,1,MITM IP_SPOOFING
38.0,162.0,2,1, 0, 0.7272727272727273,1,1,MITM IP_SPOOFING
40.0,16.0,2,1, 0, 26.90909090909091,1,1,MITM IP_SPOOFING
26.0,0.0,2,1, 0, 40.0,1,1,MITM IP_SPOOFING
16.0,0.0,2,1, 0, 40.0,1,1,MITM IP_SPOOFING
4.0,0.0,2,1, 0, 40.72727272727273,1,1,MITM IP_SPOOFING
12.0,0.0,2,1, 0, 40.72727272727273,1,1,MITM IP_SPOOFING
14.0,0.0,2,1, 0, 5.818181818181818,1,1,MITM IP_SPOOFING
12.0,0.0,2,1, 0, 1.4545454545454546,1,1,MITM IP_SPOOFING
11.0,4.0,3,1, 0, 0.0,1,1,MITM IP_SPOOFING
9.0,67.0,3,1, 1, 1.8181818181818181,1,1,MITM IP_SPOOFING
27.0,52.0,3,1, 1, 0.36363636363636365,1,1,MITM IP_SPOOFING
50.0,52.0,2,1, 1, 0.0,1,1,MITM IP_SPOOFING
68.0,58.0,2,1, 1, 34.18181818181818,1,1,MITM IP_SPOOFING
54.0,81.0,2,1, 1, 40.72727272727273,1,1,MITM IP_SPOOFING
40.0,53.0,2,1, 1, 40.72727272727273,1,1,MITM IP_SPOOFING
32.0,65.0,2,1, 1, 40.0,1,1,MITM IP_SPOOFING
42.0,214.0,16,1, 2, 29.818181818181817,1,1,MITM IP_SPOOFING
76.0,102.0,12,1, 2, 40.0,1,1,MITM IP_SPOOFING
73.0,0.0,7,1, 2, 40.0,1,1,MITM IP_SPOOFING
62.0,0.0,4,1, 2, 40.72727272727273,1,1,MITM IP_SPOOFING
14.0,0.0,2,1, 4, 40.72727272727273,1,1,MITM IP_SPOOFING
10.0,0.0,2,1, 4, 40.0,1,1,MITM IP_SPOOFING
12.0,0.0,2,1, 4, 41.45454545454545,1,1,MITM IP_SPOOFING
12.0,0.0,2,1, 4, 40.0,1,1,MITM IP_SPOOFING
10.0,0.0,2,1, 4, 41.45454545454545,1,1,MITM IP_SPOOFING
8.0,77.0,2,1, 4, 40.0,1,1,MITM IP_SPOOFING
56.0,178.0,2,1, 4, 41.45454545454545,1,1,MITM IP_SPOOFING
118.0,178.0,2,1, 4, 40.0,1,1,MITM IP_SPOOFING
136.0,159.0,2,1, 5, 40.36363636363637,1,1,MITM IP_SPOOFING
98.0,201.0,0,0, 6, 40.0,1,1,MITM IP_SPOOFING
52.0,193.0,0,0, 6, 40.0,1,1,MITM IP_SPOOFING
36.0,186.0,2,1, 7, 41.09090909090909,1,1,MITM IP_SPOOFING
34.0,151.0,2,1, 8, 40.0,1,1,MITM IP_SPOOFING
44.0,87.0,2,1, 8, 41.45454545454545,1,1,MITM IP_SPOOFING
64.0,0.0,2,1, 8, 40.0,1,1,MITM IP_SPOOFING
58.0,0.0,2,1, 8, 40.72727272727273,1,1,MITM IP_SPOOFING
22.0,0.0,2,1, 8, 40.72727272727273,1,1,MITM IP_SPOOFING
8.0,0.0,2,1, 8, 41.45454545454545,1,1,MITM IP_SPOOFING
8.0,0.0,2,1, 8, 40.0,1,1,MITM IP_SPOOFING
8.0,0.0,2,1, 8, 40.0,1,1,MITM IP_SPOOFING
10.0,0.0,2,1, 8, 40.0,1,1,MITM IP_SPOOFING
12.0,87.0,2,1, 8, 40.0,1,1,MITM IP_SPOOFING
10.0,183.0,0,0, 8, 41.45454545454545,1,1,MITM IP_SPOOFING
9.0,182.0,1,1, 74, 60.0,1,1,MITM IP_SPOOFING
64.0,189.0,-4,0, 123, 54.90909090909091,1,1,MITM IP_SPOOFING
124.0,203.0,2,1, 123, 32.0,1,1,MITM IP_SPOOFING
159.0,160.0,1,1, 123, 20.363636363636363,1,1,MITM IP_SPOOFING
81.0,197.0,3,1, 125, 21.09090909090909,1,1,MITM IP_SPOOFING
39.0,180.0,3,1, 125, 21.09090909090909,1,1,MITM IP_SPOOFING
17.0,170.0,1,1, 125, 21.09090909090909,1,1,MITM IP_SPOOFING
34.0,175.0,0,0, 125, 19.636363636363637,1,1,MITM IP_SPOOFING
60.0,20.0,0,0, 126, 20.0,1,1,MITM IP_SPOOFING
58.0,0.0,2,1, 127, 20.363636363636363,1,1,MITM IP_SPOOFING
36.0,0.0,2,1, 127, 19.636363636363637,1,1,MITM IP_SPOOFING
18.0,0.0,2,1, 127, 21.09090909090909,1,1,MITM IP_SPOOFING
6.0,0.0,2,1, 127, 19.636363636363637,1,1,MITM IP_SPOOFING
8.0,0.0,2,1, 127, 21.09090909090909,1,1,MITM IP_SPOOFING
12.0,0.0,2,1, 127, 20.363636363636363,1,1,MITM IP_SPOOFING
10.0,0.0,2,1, 127, 21.09090909090909,1,1,MITM IP_SPOOFING
8.0,131.0,2,1, 127, 20.363636363636363,1,1,MITM IP_SPOOFING
70.0,196.0,2,1, 127, 19.636363636363637,1,1,MITM IP_SPOOFING
115.0,174.0,3,1, 129, 21.09090909090909,1,1,MITM IP_SPOOFING
141.0,167.0,3,1, 129, 19.636363636363637,1,1,MITM IP_SPOOFING
88.0,176.0,2,1, 129, 21.818181818181817,1,1,MITM IP_SPOOFING
46.0,219.0,2,1, 129, 20.363636363636363,1,1,MITM IP_SPOOFING
45.0,174.0,3,1, 131, 21.09090909090909,1,1,MITM IP_SPOOFING
43.0,169.0,3,1, 131, 21.09090909090909,1,1,MITM IP_SPOOFING
61.0,52.0,3,1, 133, 21.818181818181817,1,1,MITM IP_SPOOFING
60.0,0.0,0,0, 133, 20.363636363636363,1,1,MITM IP_SPOOFING
42.0,0.0,0,0, 133, 21.818181818181817,1,1,MITM IP_SPOOFING
22.0,0.0,0,0, 133, 19.636363636363637,1,1,MITM IP_SPOOFING
6.0,0.0,2,1, 133, 20.363636363636363,1,1,MITM IP_SPOOFING
8.0,0.0,2,1, 133, 2.1818181818181817,1,1,MITM IP_SPOOFING
21.0,0.0,3,1, 2, 49.45454545454545,1,1,MITM IP_SPOOFING
10.0,0.0,2,1, 2, 46.54545454545455,1,1,MITM IP_SPOOFING
12.0,0.0,2,1, 2, 45.81818181818182,1,1,MITM IP_SPOOFING
10.0,0.0,2,1, 2, 45.81818181818182,1,1,MITM IP_SPOOFING
8.0,0.0,2,1, 2, 46.54545454545455,1,1,MITM IP_SPOOFING
10.0,96.0,2,1, 2, 45.81818181818182,1,1,MITM IP_SPOOFING
11.0,175.0,3,1, 4, 47.27272727272727,1,1,MITM IP_SPOOFING
103.0,173.0,3,1, 4, 46.54545454545455,1,1,MITM IP_SPOOFING
137.0,171.0,3,1, 4, 47.27272727272727,1,1,MITM IP_SPOOFING
118.0,125.0,2,1, 4, 45.81818181818182,1,1,MITM IP_SPOOFING
50.0,196.0,2,1, 6, 47.27272727272727,1,1,MITM IP_SPOOFING
42.0,181.0,2,1, 6, 46.54545454545455,1,1,MITM IP_SPOOFING
40.0,229.0,2,1, 6, 48.0,1,1,MITM IP_SPOOFING
50.0,147.0,2,1, 6, 45.81818181818182,1,1,MITM IP_SPOOFING
56.0,0.0,2,1, 6, 45.81818181818182,1,1,MITM IP_SPOOFING
42.0,0.0,2,1, 6, 46.54545454545455,1,1,MITM IP_SPOOFING
22.0,0.0,2,1, 6, 46.54545454545455,1,1,MITM IP_SPOOFING
2.0,0.0,2,1, 6, 46.54545454545455,1,1,MITM IP_SPOOFING
4.0,0.0,2,1, 6, 46.54545454545455,1,1,MITM IP_SPOOFING
11.0,1.0,3,1, 8, 47.27272727272727,1,1,MITM IP_SPOOFING
17.0,0.0,3,1, 8, 46.54545454545455,1,1,MITM IP_SPOOFING
15.0,4.0,3,1, 10, 47.63636363636363,1,1,MITM IP_SPOOFING
6.0,32.0,0,0, 10, 45.81818181818182,1,1,MITM IP_SPOOFING
38.0,0.0,4,1, 0, 60.36363636363637,1,1,MITM IP_SPOOFING
27.0,0.0,3,1, 0, 45.81818181818182,1,1,MITM IP_SPOOFING
16.0,0.0,2,1, 1, 46.90909090909091,1,1,MITM IP_SPOOFING
6.0,0.0,0,0, 2, 46.90909090909091,1,1,MITM IP_SPOOFING
4.0,0.0,2,1, 2, 45.81818181818182,1,1,MITM IP_SPOOFING
8.0,0.0,2,1, 2, 46.54545454545455,1,1,MITM IP_SPOOFING
16.0,0.0,2,1, 2, 46.54545454545455,1,1,MITM IP_SPOOFING
18.0,154.0,2,1, 2, 46.54545454545455,1,1,MITM IP_SPOOFING
46.0,186.0,2,1, 3, 46.18181818181818,1,1,MITM IP_SPOOFING
114.0,149.0,2,1, 4, 47.63636363636363,1,1,MITM IP_SPOOFING
58.0,27.0,2,1, 2, 52.0,1,1,MITM IP_SPOOFING
60.0,0.0,2,1, 2, 50.18181818181818,1,1,MITM IP_SPOOFING
40.0,0.0,2,1, 3, 49.81818181818182,1,1,MITM IP_SPOOFING
12.0,0.0,2,1, 4, 50.90909090909091,1,1,MITM IP_SPOOFING
6.0,0.0,2,1, 4, 50.18181818181818,1,1,MITM IP_SPOOFING
10.0,0.0,2,1, 4, 49.45454545454545,1,1,MITM IP_SPOOFING
12.0,0.0,2,1, 4, 50.18181818181818,1,1,MITM IP_SPOOFING
8.0,0.0,2,1, 4, 51.63636363636363,1,1,MITM IP_SPOOFING
10.0,168.0,2,1, 6, 49.81818181818182,1,1,MITM IP_SPOOFING
49.0,196.0,3,1, 8, 51.63636363636363,1,1,MITM IP_SPOOFING
105.0,145.0,3,1, 8, 50.90909090909091,1,1,MITM IP_SPOOFING
139.0,156.0,3,1, 10, 50.90909090909091,1,1,MITM IP_SPOOFING
90.0,203.0,2,1, 10, 50.90909090909091,1,1,MITM IP_SPOOFING
74.0,200.0,2,1, 10, 50.90909090909091,1,1,MITM IP_SPOOFING
53.0,191.0,3,1, 13, 51.27272727272727,1,1,MITM IP_SPOOFING
53.0,153.0,3,1, 14, 49.81818181818182,1,1,MITM IP_SPOOFING
54.0,17.0,2,1, 14, 50.18181818181818,1,1,MITM IP_SPOOFING
46.0,0.0,2,1, 14, 50.18181818181818,1,1,MITM IP_SPOOFING
26.0,0.0,2,1, 14, 50.90909090909091,1,1,MITM IP_SPOOFING
8.0,0.0,2,1, 14, 50.18181818181818,1,1,MITM IP_SPOOFING
8.0,0.0,2,1, 14, 51.63636363636363,1,1,MITM IP_SPOOFING
142.0,181.0,2,1, 0, 2.909090909090909,1,1,MITM IP_SPOOFING
82.0,168.0,2,1, 0, 55.27272727272727,1,1,MITM IP_SPOOFING
56.0,153.0,2,1, 0, 50.18181818181818,1,1,MITM IP_SPOOFING
50.0,175.0,0,0, 0, 20.363636363636363,1,1,MITM IP_SPOOFING
8.0,18.0,2,1, 10, 10.909090909090908,1,1,MITM IP_SPOOFING
8.0,181.0,2,1, 78, 34.18181818181818,1,1,MITM IP_SPOOFING
112.0,171.0,2,1, 78, 19.636363636363637,1,1,MITM IP_SPOOFING
158.0,177.0,2,1, 78, 21.818181818181817,1,1,MITM IP_SPOOFING
132.0,204.0,6,1, 78, 20.363636363636363,1,1,MITM IP_SPOOFING
52.0,177.0,2,1, 80, 21.09090909090909,1,1,MITM IP_SPOOFING
36.0,164.0,2,1, 80, 19.636363636363637,1,1,MITM IP_SPOOFING
42.0,170.0,2,1, 82, 21.818181818181817,1,1,MITM IP_SPOOFING
43.0,184.0,-1,0, 82, 20.363636363636363,1,1,MITM IP_SPOOFING
62.0,0.0,2,1, 82, 21.09090909090909,1,1,MITM IP_SPOOFING
62.0,0.0,2,1, 84, 21.09090909090909,1,1,MITM IP_SPOOFING
42.0,0.0,2,1, 84, 20.363636363636363,1,1,MITM IP_SPOOFING
12.0,0.0,2,1, 84, 20.363636363636363,1,1,MITM IP_SPOOFING
10.0,0.0,2,1, 84, 20.363636363636363,1,1,MITM IP_SPOOFING
6.0,0.0,2,1, 84, 21.09090909090909,1,1,MITM IP_SPOOFING
14.0,0.0,2,1, 84, 11.636363636363637,1,1,MITM IP_SPOOFING
44.0,0.0,2,1, 48, 52.36363636363637,1,1,MITM IP_SPOOFING
41.0,1.0,3,1, 101, 61.45454545454545,1,1,MITM IP_SPOOFING
17.0,1.0,3,1, 162, 34.18181818181818,1,1,MITM IP_SPOOFING
17.0,0.0,3,1, 162, 21.09090909090909,1,1,MITM IP_SPOOFING
9.0,0.0,3,1, 162, 20.363636363636363,1,1,MITM IP_SPOOFING
4.0,0.0,2,1, 162, 21.09090909090909,1,1,MITM IP_SPOOFING
6.0,32.0,2,1, 162, 20.363636363636363,1,1,MITM IP_SPOOFING
10.0,189.0,2,1, 162, 19.636363636363637,1,1,MITM IP_SPOOFING
92.0,192.0,2,1, 162, 20.363636363636363,1,1,MITM IP_SPOOFING
136.0,174.0,2,1, 162, 19.636363636363637,1,1,MITM IP_SPOOFING
106.0,153.0,2,1, 162, 19.636363636363637,1,1,MITM IP_SPOOFING
42.0,177.0,2,1, 162, 20.363636363636363,1,1,MITM IP_SPOOFING
50.0,181.0,2,1, 162, 21.09090909090909,1,1,MITM IP_SPOOFING
50.0,182.0,2,1, 164, 20.0,1,1,MITM IP_SPOOFING
46.0,141.0,0,0, 164, 21.09090909090909,1,1,MITM IP_SPOOFING
60.0,0.0,0,0, 164, 20.363636363636363,1,1,MITM IP_SPOOFING
46.0,0.0,0,0, 164, 21.818181818181817,1,1,MITM IP_SPOOFING




